Respondent ID,Collector ID,Start Date,End Date,IP Address,Email Address,First Name,Last Name,Custom Data 1,has_responded,What is Your LinkedIn Profile URL? [It looks like https://www.linkedin.com/in/my-username]﻿,Do you contribute to hiring and firing decisions at your company?,"For many professions, alternative credentials can qualify a person for an entry-level position.",What is your age?,What is your gender?,Which best describes your ethnicity?,"Do you believe that your last name reflects your ethnicity? For example, Smith identifies an Anglo-Saxon ethnicity, so if Maria Smith identifies as Hispanic, she should choose ""No.""",﻿Which of these industries most closely matches your profession?,Where do you live?
10023856431,210778718,5/17/2018 10:38,5/17/2018 10:40,142.244.29.134,,,,,TRUE,https://www.linkedin.com/in/rebecca-purc-stephenson-44a55065/,No,8,40,Female,White,Yes,Education,Outside of the United States
10018668148,210778718,5/14/2018 14:25,5/14/2018 14:27,66.208.244.201,,,,,TRUE,https://www.linkedin.com/in/mirkosommerfeld,No,9,28,Male,White,Yes,Manufacturing,Alabama
10011582571,210778718,5/8/2018 14:44,5/8/2018 16:01,31.208.64.77,,,,,TRUE,https://www.linkedin.com/in/david-hall-16624813a/,Unemployed,9,25,Male,White,No,Other,Outside of the United States
10009793902,210778718,5/7/2018 13:03,5/7/2018 13:06,86.85.234.106,,,,,TRUE,https://linkedin.com/in/olga-ananyeva-3474b214b/,Unemployed,7,25,Female,White,Yes,Education,Outside of the United States
10009705639,210778718,5/7/2018 12:07,5/7/2018 12:08,73.202.236.173,,,,,TRUE,,No,Strongly Agree,30,Female,White,Yes,Education,California
10009552944,210814999,5/7/2018 10:28,5/7/2018 10:33,208.250.53.98,,,,,TRUE,https://www.linkedin.com/in/andrew-price-a7546230/,Yes,Strongly Agree,31,Male,White,Yes,Information Technology,Virginia
10009477602,210778718,5/7/2018 8:56,5/7/2018 9:45,80.57.124.100,,,,,TRUE,,Unemployed,7,22,Male,White,Yes,Other,Outside of the United States
10009468413,210778718,5/7/2018 9:36,5/7/2018 9:38,79.181.112.226,,,,,TRUE,,No,6,22,Female,White,No,Other,Outside of the United States
10009365680,210777964,5/7/2018 8:06,5/7/2018 8:10,84.82.58.79,,,,,TRUE,https://www.linkedin.com/in/miriksoul,Unemployed,Strongly Agree,23,Male,White,Yes,Other,Outside of the United States
10008863323,210777964,5/6/2018 14:13,5/6/2018 14:16,106.206.112.155,,,,,TRUE,https://www.linkedin.com/in/tanviguptamr,No,7,29,Female,Asian,Yes,Education,Outside of the United States
10008859972,210777964,5/6/2018 14:03,5/6/2018 14:07,184.65.164.126,,,,,TRUE,,No,5,31,Female,Asian,Yes,Information Technology,Outside of the United States
10008842781,210777964,5/6/2018 13:20,5/6/2018 13:22,79.27.161.26,,,,,TRUE,,Unemployed,8,24,Female,White,No,Other,Outside of the United States
10008810236,210777964,5/6/2018 11:53,5/6/2018 11:55,151.40.16.184,,,,,TRUE,,Unemployed,7,21,Female,White,Yes,Other,Outside of the United States
10008733844,210778718,5/6/2018 8:26,5/6/2018 8:33,82.5.54.163,,,,,TRUE,linkedin.com/in/wendyjohnson12345,No,7,25,Female,White,Yes,Education,Outside of the United States
10008729292,210778718,5/6/2018 8:19,5/6/2018 8:21,144.138.26.146,,,,,TRUE,,No,8,30,Female,White,No,"Finance, Investment, or Accounting",Outside of the United States
10008700785,210778718,5/6/2018 6:53,5/6/2018 6:55,87.168.123.179,,,,,TRUE,,No,7,26,Male,White,Yes,"Finance, Investment, or Accounting",Outside of the United States
10008672087,210777964,5/6/2018 1:40,5/6/2018 5:14,103.35.109.42,,,,,TRUE,https://www.linkedin.com/in/tusharstu/,No,7,26,Male,Asian,No,Transportation,Outside of the United States
10016859386,210776607,5/12/2018 14:19,5/12/2018 14:24,174.204.18.149,,,,,TRUE,Www.linkedin.com/in/my-Michaelschena,Yes,8,35,Male,Hispanic,No,Other,
10015321021,210776607,5/11/2018 4:57,5/11/2018 4:59,69.174.35.140,,,,,TRUE,https://LinkedIn.com/in/braceharvey,No,8,20,Male,White,Yes,Education,
10014998693,210776607,5/10/2018 20:59,5/10/2018 21:00,71.85.240.240,,,,,TRUE,Don't have one,No,7,22,Male,White,Yes,Other,
10012607555,210776607,5/9/2018 10:56,5/9/2018 11:00,75.168.203.117,,,,,TRUE,http://linkedin.com/in/salah-al-din-deban,Unemployed,4,23,Male,White,No,Other,
10012434765,210776607,5/9/2018 8:50,5/9/2018 9:06,47.19.111.82,,,,,TRUE,,Yes,3,24,Male,Asian,Yes,Law,
10011826296,210776607,5/8/2018 19:37,5/8/2018 19:39,99.203.128.132,,,,,TRUE,https://www.linkedin.com/in/cory-siler-ba6784102,No,4,23,Other,White,Yes,Information Technology,
10011749144,210776607,5/8/2018 18:13,5/8/2018 18:16,168.156.194.51,,,,,TRUE,https://www.linkedin.com/in/justinmumma,No,8,17,Male,White,Yes,Education,
10011511926,210776607,5/8/2018 15:10,5/8/2018 15:12,216.207.71.1,,,,,TRUE,https://www.linkedin.com/in/javan-degraff-64548b61,Yes,Strongly Agree,30,Male,White,No,Information Technology,
10011445557,210776607,5/8/2018 14:26,5/8/2018 14:27,24.180.61.237,,,,,TRUE,,Unemployed,Strongly Agree,26,Male,Hispanic,No,Health,
10010597500,210776607,5/8/2018 1:51,5/8/2018 1:52,174.27.171.158,,,,,TRUE,https://www.linkedin.com/in/rutger-luther-10013415b/,Unemployed,7,27,Male,White,Yes,Information Technology,
10010506798,210776607,5/7/2018 23:15,5/7/2018 23:17,107.2.55.33,,,,,TRUE,,Yes,Strongly Agree,45,Female,White,No,Transportation,
10010413325,210776607,5/7/2018 21:17,5/7/2018 21:19,72.221.62.146,,,,,TRUE,,No,Strongly Agree,27,Male,White,Yes,Other,
10010122532,210776607,5/7/2018 16:26,5/7/2018 16:27,67.8.29.19,,,,,TRUE,JanesKishtok,No,7,20,Male,White,Yes,Other,
10009011849,210776607,5/6/2018 20:56,5/6/2018 20:59,107.2.55.33,,,,,TRUE,,Yes,Strongly Agree,37,Female,White,No,Transportation,
10008976546,210776607,5/6/2018 19:29,5/6/2018 19:30,70.162.249.246,,,,,TRUE,,No,7,23,Male,Asian,Yes,Information Technology,
10008589855,210776607,5/6/2018 0:09,5/6/2018 0:10,216.98.70.62,,,,,TRUE,,Yes,4,23,Male,Native American,Yes,Other,
10008574586,210776607,5/5/2018 23:13,5/5/2018 23:19,70.113.3.176,,,,,TRUE,LinkedIn.com/tiagotyson ,No,Strongly Agree,27,Male,White,No,Information Technology,
10008532874,210776607,5/5/2018 21:17,5/5/2018 21:21,69.251.248.100,,,,,TRUE,https://www.linkedin.com/in/markus-brun-bj%C3%B8rkheim-14676533/,No,3,28,Male,White,Yes,Education,
