Start Date,End Date,"For many professions, alternative credentials can qualify a person for an entry-level position.",It will soon become common for high school graduates to obtain alternative credentials instead of going to college.,"When you add up the pros and cons for online education, it's probably a good thing for society overall.",How long do you believe it usually takes to obtain an alternative credential?,Have you heard of any of the following online course providers? Coursera,Have you heard of any of the following online course providers? edX,Have you heard of any of the following online course providers? LinkedInLearning,Have you heard of any of the following online course providers? Pluralsight,Have you heard of any of the following online course providers? Udacity,Have you heard of any of the following online course providers? Udemy,"People who are willing to break formal or informal rules and norms probably have a hard time getting along with teams or customers. They present a risk to the reputation, productivity, or value of a company.",People who are willing to break formal or informal rules and norms tend to be gifted in the areas of creativity and innovation. They are likely to benefit the culture of a company.,People who are willing to break formal or informal rules and norms might be doing so because the rules hold them back. They could just as easily be high performers as low performers.,Do you contribute to hiring and firing decisions at your company?,"If you do contribute to hiring and firing decisions, please write the most common job title for which you make such decisions. If you do not, please write your current or most recent job title. If you have never held a job of any kind, write “n/a.”","Thinking about the job title provided in response to the above question, are you aware of any alternative credentials which would be required, recommended, or applicable for this job?",Roughly how many full-time employees currently work for your organization?,Which of these industries most closely matches your profession?,Other Industry,I prefer to hire or work with a person that has a college degree rather a person that holds a reputable certification or non-college credential.,What state do you reside in?,Gender,Household Income?,Age?,What is the highest level of education you have completed?,Which race/ethnicity best describes you?,Grit,OCEAN,I think of a career in programming as enjoyable,I enjoy taking risks,"When you add up the pros and cons for artificial intelligence, it's probably a good thing for society overall.",Government regulation helps ensure businesses treat individuals more fairly.,I favor freer trade and migration with other nations,Which worldview best describes you?,"I have a high level of community engagement, participation, or activism related to my worldview.",To what degree has coronavirus negatively impacted your life?,"To what degree has coronavirus caused you to increase your participation in remote learning, remote working, and other remote activities?",To what degree has coronavirus-induced remote activity improved your favorability to remote learning (either for yourself or for other people)?,"For many professions, learning at this school can qualify a person for an entry-level position.","For many professions, learning at this school can qualify a person for an entry-level position.","For many professions, learning at this school can qualify a person for an entry-level position.","For many professions, learning at this school can qualify a person for an entry-level position.","For many professions, learning at this school can qualify a person for an entry-level position.","For many professions, learning at this school can qualify a person for an entry-level position.","For many professions, learning at this school can qualify a person for an entry-level position.","For many professions, learning at this school can qualify a person for an entry-level position.",How impressed would you be if you heard that someone studied at this school?,How impressed would you be if you heard that someone studied at this school?,The level of physical attractiveness held by an ideal job applicant.,The level of physical attractiveness held by a typical employee at my company.,The level of physical attractiveness held by a recent college graduate.,The level of physical attractiveness held by a non-college graduate with an alternative credential.,The level of emotional intelligence held by an ideal job applicant.,The level of emotional intelligence held by a typical employee at my company.,The level of emotional intelligence held by a recent college graduate.,The level of emotional intelligence held by a non-college graduate with an alternative credential.,The level of salary required by an ideal job applicant.,The level of salary required by a typical employee at my company.,The level of salary required by a recent college graduate.,The level of salary required by a non-college graduate with an alternative credential.,The level of written communication skill held by an ideal job applicant.,The level of written communication skill held by a typical employee at my company.,The level of written communication skill held by a recent college graduate.,The level of written communication skill held by a non-college graduate with an alternative credential.,The level of verbal communication skill held by an ideal job applicant.,The level of verbal communication skill held by a typical employee at my company.,The level of verbal communication skill held by a recent college graduate.,The level of verbal communication skill held by a non-college graduate with an alternative credential.,The level of body language communication skill held by an ideal job applicant.,The level of body language communication skill held by a typical employee at my company.,The level of body language communication skill held by a recent college graduate.,The level of body language communication skill held by a non-college graduate with an alternative credential.,The level of technical job skills held by an ideal job applicant.,The level of technical job skills held by a typical employee at my company.,The level of technical job skills held by a recent college graduate.,The level of technical job skills held by a non-college graduate with an alternative credential.,"The level of attention to detail, work ethic, timeliness, and organization of work held by an ideal job applicant.","The level of attention to detail, work ethic, timeliness, and organization of work held by a typical employee at my company.","The level of attention to detail, work ethic, timeliness, and organization of work held by a recent college graduate.","The level of attention to detail, work ethic, timeliness, and organization of work held by a non-college graduate with an alternative credential.",The level of willingness to break formal or informal rules and norms held by an ideal job applicant.,The level of willingness to break formal or informal rules and norms held by a typical employee at my company.,The level of willingness to break formal or informal rules and norms held by a recent college graduate.,The level of willingness to break formal or informal rules and norms held by a non-college graduate with an alternative credential.,The level of customer service skill held by an ideal job applicant.,The level of customer service skill held by a typical employee at my company.,The level of customer service skill held by a recent college graduate.,The level of customer service skill held by a non-college graduate with an alternative credential.,The level of teamwork held by an ideal job applicant.,The level of teamwork held by a typical employee at my company.,The level of teamwork held by a recent college graduate.,The level of teamwork held by a non-college graduate with an alternative credential.,"The willingness to commute or travel to a workplace or even as a part of the daily work, as in commercial trucking, held by an ideal job applicant.","The willingness to commute or travel to a workplace or even as a part of the daily work, as in commercial trucking, held by a typical employee at my company.","The willingness to commute or travel to a workplace or even as a part of the daily work, as in commercial trucking, held by a recent college graduate.","The willingness to commute or travel to a workplace or even as a part of the daily work, as in commercial trucking, held by a non-college graduate with an alternative credential.",The willingness to work odd hours or a strange schedule held by an ideal job applicant.,The willingness to work odd hours or a strange schedule held by a typical employee at my company.,The willingness to work odd hours or a strange schedule held by a recent college graduate.,The willingness to work odd hours or a strange schedule held by a non-college graduate with an alternative credential.
10/9/2021 17:52,10/9/2021 18:03,Strongly Agree,Strongly Agree,Strongly Agree,Under a week,Coursera,,,,,,Strongly Agree,Strongly Agree,Strongly Agree,Yes,na,"Yes. Certification, license, or other non-degree credentials are required by law.",51-200,Real Estate,,TRUE,California,Male,"10,000-24,999",18-24,Some College,Asian or Asian American,3.24,"80,50,50,60",Strongly Agree,Strongly Agree,Strongly Agree,Strongly Agree,7,Agnostic or Atheist,Strongly Agree,Large negative impact,Large degree,Moderate degree,Strongly Disagree,Strongly Disagree,Strongly Agree,Strongly Agree,Strongly Agree,2,3,3,Very Impressed,Very Impressed,Very Much,Very Much,Very Much,Very Much,8,Very Much,Very Much,Very Much,Very Much,Very Much,Very Much,Very Much,Very Much,Very Much,Very Much,Very Much,Very Much,Very Much,Very Much,Very Much,Very Much,Very Much,Very Much,Very Much,Very Much,Very Much,Very Much,Very Much,Very Much,Very Much,Very Much,Very Much,Very Much,Very Much,Very Much,Very Much,Very Much,Very Much,Very Much,Very Much,Very Much,Very Much,Very Much,Very Much,Very Much,Very Much,Very Much,Very Much,Very Much,Very Much,Very Much,Very Much
10/9/2021 16:55,10/9/2021 16:58,Strongly Agree,Strongly Agree,Strongly Agree,Under a year,Coursera,edX,LinkedIn Learning,Pluralsight,Udacity,Udemy,7,7,8,No,Na,"Yes. Certification, license, or other non-degree credentials are an industry norm.","1,001-5,000",Information Technology,,TRUE,California,Female,"125,000-149,999",35-44,Obtained Undergraduate Degree,White or Caucasian,,,,,,,,,,,,,,,,,,,,,,,,,,,,,,,,,,,,,,,,,,,,,,,,,,,,,,,,,,,,,,,,,,,,,,,,,,
10/9/2021 15:31,10/9/2021 16:00,8,8,9,Under 3 months,,,,,Udacity,Udemy,8,7,9,Yes,n/a,"Yes. Certification, license, or other non-degree credentials are an industry norm.",51-200,Information Technology,,TRUE,Virginia,Male,"75,000-99,999",25-34,Obtained Undergraduate Degree,Hispanic or Latino,3,"67,58,50,67,60",8,7,7,9,8,"Spiritual or Theistic, No Specific Religion",8,Moderate negative impact,Slight degree,Moderate degree,3,5,4,3,5,4,5,4,9,8,8,8,7,8,9,8,Very Much,8,6,7,7,7,9,8,8,7,9,7,8,7,9,8,9,7,9,8,9,7,8,9,7,7,9,9,8,Very Much,6,8,7,9,8,6,7,7,9,8,7,8,8,9,7,6
10/9/2021 15:39,10/9/2021 15:51,8,6,8,Under a month,,,LinkedIn Learning,Pluralsight,,Udemy,7,8,7,Yes,COMPUTER TECHNICIAN,"Yes. Certification, license, or other non-degree credentials are required by law.",201-500,Information Technology,,TRUE,Michigan,Male,"25,000-49,999",25-34,Obtained Undergraduate Degree,White or Caucasian,3.2,"50,46,58,56,54",7,8,7,6,8,Conservative or Evangelical Christian,5,Moderate negative impact,Slight degree,Moderate degree,8,7,8,7,8,7,8,7,8,7,8,7,6,7,8,6,7,8,7,6,7,8,6,7,8,6,7,7,8,6,7,8,6,7,8,6,7,8,7,6,7,8,6,8,7,8,7,6,7,8,7,6,8,7,6,8,6,7,8,6,8,6
10/9/2021 15:15,10/9/2021 15:36,9,8,8,Under a month,Coursera,edX,,,Udacity,Udemy,8,9,8,Yes,COMPUTER TECHNICIAN,"Yes. Certification, license, or other non-degree credentials are required by law.","501-1,000",Information Technology,,TRUE,Michigan,Male,"50,000-74,999",25-34,Obtained Undergraduate Degree,White or Caucasian,4.2,"62.5,60,62.5,73,62.5",9,8,8,8,9,Conservative or Evangelical Christian,8,Moderate negative impact,Moderate degree,Slight degree,8,9,6,7,6,7,4,6,5,8,7,8,5,6,4,7,5,6,7,8,5,6,7,5,4,7,5,6,8,5,6,7,4,5,6,4,5,6,5,4,6,8,5,7,6,8,6,7,8,6,7,6,7,8,6,7,5,7,6,6,8,5
10/9/2021 14:41,10/9/2021 15:35,7,8,7,Under a month,,,,,,Udemy,6,6,6,Yes,Manager,"No. I do not know of any credentials which are common, valued, or legally required in that line of work.","1,001-5,000",Information Technology,,TRUE,Ohio,Male,"50,000-74,999",45-54,Some Graduate School,White or Caucasian,3.3,"62.5,56,58,58,52",6,7,6,6,5,Other Christian,6,Moderate negative impact,Moderate degree,Moderate degree,6,5,6,5,6,5,6,5,6,6,6,6,6,6,5,5,5,6,5,6,6,4,5,5,5,6,5,5,5,5,5,6,4,5,6,5,6,4,5,6,5,5,5,6,6,5,5,6,6,5,5,5,6,4,5,6,5,5,5,6,5,6
10/9/2021 15:02,10/9/2021 15:24,Strongly Agree,Strongly Agree,Strongly Agree,More than a year,Coursera,,,,Udacity,Udemy,8,4,7,No,n/a,Not Applicable,Nov-50,Law,,FALSE,Virginia,Female,"10,000-24,999",45-54,Some College,White or Caucasian,3.2,"69, 65, 52, 69, 56",7,6,8,6,7,Agnostic or Atheist,3,Large negative impact,Large degree,No increase (or a decrease),5,5,3,6,3,5,3,Strongly Disagree,8,8,8,7,7,8,8,8,8,8,6,7,7,7,Very Much,Very Much,9,8,Very Much,Very Much,9,8,9,8,8,8,Very Much,8,8,8,Very Much,Very Much,9,9,6,6,6,7,Very Much,9,8,7,Very Much,Very Much,9,8,8,8,8,8,Very Much,8,8,8
10/9/2021 14:45,10/9/2021 15:20,8,9,7,Under 6 months,Coursera,edX,LinkedIn Learning,,Udacity,Udemy,7,6,7,No,ADMINISTRATION MANAGER,"Yes. Certification, license, or other non-degree credentials are an industry norm.","1,001-5,000",Manufacturing,,TRUE,North Carolina,Male,"50,000-74,999",45-54,Obtained Undergraduate Degree,White or Caucasian,4,"62.5,71,73,73,29",9,Strongly Agree,8,9,8,Progressive Christian,8,Slight negative impact,Moderate degree,Large degree,6,8,7,9,7,8,8,Strongly Disagree,Very Impressed,Very Impressed,8,9,9,7,8,8,9,7,8,9,7,5,9,9,9,7,Very Much,Very Much,9,7,9,Very Much,9,8,Very Much,Very Much,9,8,7,8,7,6,8,9,7,6,8,8,9,8,8,9,8,9,9,9,9,9,8,9,8,9
10/9/2021 14:56,10/9/2021 15:01,9,Strongly Agree,6,Under 6 months,,edX,LinkedIn Learning,Pluralsight,Udacity,Udemy,9,6,5,Yes,market research,"Yes. Certification, license, or other non-degree credentials are an industry norm.",51-200,"Finance, Investment, or Accounting",,TRUE,Ohio,Male,"50,000-74,999",35-44,Some Graduate School,White or Caucasian,,,,,,,,,,,,,,,,,,,,,,,,,,,,,,,,,,,,,,,,,,,,,,,,,,,,,,,,,,,,,,,,,,,,,,,,,,
10/9/2021 14:43,10/9/2021 14:55,6,2,5,Under a year,Coursera,,,,,,5,6,6,Yes,communications officer,"No. I do not know of any credentials which are common, valued, or legally required in that line of work.","1,001-5,000",Health,,TRUE,Maryland,Female,"200,000+",45-54,Obtained Non-Doctoral Graduate Degree,White or Caucasian,3.9,"65,79,56,50,54",5,7,9,9,9,Agnostic or Atheist,2,Moderate negative impact,Large degree,Slight degree,9,6,8,4,8,3,7,2,9,9,7,7,7,7,7,7,7,7,7,7,6,5,8,7,6,4,8,7,4,3,8,7,5,4,8,7,5,4,8,7,6,5,5,5,5,5,7,6,5,4,8,7,6,5,7,7,7,7,7,6,6,6
10/9/2021 14:22,10/9/2021 14:44,5,8,9,Under 6 months,Coursera,,,,Udacity,Udemy,2,8,5,No,Computer Technician,"Yes. Certification, license, or other non-degree credentials are an industry norm.",10-Jan,Information Technology,,FALSE,Tennessee,Male,"75,000-99,999",45-54,Some College,White or Caucasian,4.3,"62,92,46,83,4",5,2,9,7,8,"Religious, Not Christian",2,Slight negative impact,Moderate degree,Large degree,9,6,8,3,5,2,4,Strongly Agree,9,9,3,3,2,2,9,Very Much,8,9,6,6,5,4,9,9,Very Much,Very Much,8,9,8,8,7,9,7,6,Very Much,Very Much,Very Much,Very Much,Very Much,9,9,Very Much,3,5,3,3,8,8,5,5,Very Much,8,9,9,5,3,5,5,8,4,9,9
10/9/2021 13:58,10/9/2021 14:29,9,8,9,Under a month,Coursera,,LinkedIn Learning,,Udacity,,7,8,9,No,n/a,"No. I do not know of any credentials which are common, valued, or legally required in that line of work.",201-500,Information Technology,,TRUE,Florida,Female,"25,000-49,999",45-54,Obtained Undergraduate Degree,White or Caucasian,2.9,"62.5,62.5,67,56,46",9,Strongly Agree,7,9,8,Other Christian,5,Moderate negative impact,Slight degree,Moderate degree,3,6,5,3,5,4,3,5,7,8,7,8,8,6,8,5,7,8,7,8,9,7,8,6,6,8,8,9,7,5,8,7,6,7,8,7,8,7,Very Much,8,5,8,7,7,8,7,7,5,8,8,7,7,8,7,6,8,7,7,6,8,8,7
10/9/2021 13:58,10/9/2021 14:06,Strongly Agree,Strongly Agree,Strongly Agree,More than a year,Coursera,,,,,,9,8,Strongly Agree,No,IT support,"Yes. Certification, license, or other non-degree credentials are an industry norm.",Nov-50,Information Technology,,TRUE,Florida,Male,"25,000-49,999",25-34,Obtained Undergraduate Degree,Asian or Asian American,3.3,"37.5,48,48,27,40",9,8,Strongly Agree,8,9,Agnostic or Atheist,9,Large negative impact,Large degree,Moderate degree,9,6,5,3,4,3,3,Strongly Agree,Very Impressed,Very Impressed,9,8,7,9,Very Much,8,8,Very Much,8,8,9,Very Much,8,8,8,9,Very Much,9,8,8,9,Very Much,Very Much,9,8,9,9,8,8,9,9,Very Much,Very Much,8,9,9,9,Very Much,8,8,9,9,8,8,9,Very Much,9,9,9,8,9,8
10/9/2021 13:12,10/9/2021 14:01,8,7,6,Under 3 months,Coursera,,,,,,8,7,8,Yes,software developer,"Yes. Certification, license, or other non-degree credentials are an industry norm.","501-1,000",Information Technology,,TRUE,Washington,Female,"75,000-99,999",25-34,Some College,Asian or Asian American,2.5,"67,56,60,62.5,52",6,8,8,7,8,Conservative or Evangelical Christian,7,Slight negative impact,Moderate degree,Slight degree,7,7,6,7,6,6,7,6,7,8,8,7,8,7,8,6,7,5,8,8,9,7,8,8,7,8,7,8,7,8,7,8,6,8,7,8,7,8,7,8,8,6,7,7,8,7,8,8,7,7,8,8,7,8,7,8,8,7,8,7,8,7
10/9/2021 13:37,10/9/2021 13:58,8,6,7,Under 3 months,,,LinkedIn Learning,,,,7,8,7,No,n/a,"Yes. Certification, license, or other non-degree credentials are required by law.","501-1,000",Manufacturing,,TRUE,Michigan,Female,"50,000-74,999",25-34,Obtained Undergraduate Degree,White or Caucasian,3.8,81,9,7,7,8,7,Conservative or Evangelical Christian,6,Slight negative impact,Moderate degree,Large degree,7,3,8,7,5,5,7,8,7,8,8,9,7,8,6,7,8,7,8,7,8,6,9,7,8,9,7,8,7,8,7,8,7,8,7,8,9,8,6,7,8,7,8,6,7,8,7,6,7,8,7,8,9,8,8,7,8,7,8,7,8,8
10/9/2021 13:41,10/9/2021 13:56,7,8,6,Under 3 months,Coursera,,LinkedIn Learning,,,,7,9,8,Yes,n/a,"Yes. Certification, license, or other non-degree credentials are an industry norm.",51-200,Information Technology,,TRUE,Virginia,Male,"75,000-99,999",25-34,Obtained Undergraduate Degree,Hispanic or Latino,3.5,"58,62.5,48,65,65",7,9,8,7,9,"Spiritual or Theistic, No Specific Religion",8,Moderate negative impact,Slight degree,Moderate degree,8,9,2,3,4,2,5,3,8,7,8,7,9,5,9,8,8,Very Much,8,9,7,8,8,6,9,8,Very Much,9,7,9,8,9,7,Very Much,9,9,7,8,7,8,7,6,7,9,5,7,4,9,8,8,6,8,9,7,8,8,7,8,6,9,8,7
10/9/2021 13:19,10/9/2021 13:51,8,7,7,Under 3 months,,,LinkedIn Learning,,,,8,7,6,Yes,Manager,"Yes. Certification, license, or other non-degree credentials are required by law.","501-1,000",Manufacturing,,TRUE,Michigan,Male,"50,000-74,999",25-34,Obtained Undergraduate Degree,White or Caucasian,3,79,8,9,7,8,7,Conservative or Evangelical Christian,8,Slight negative impact,Moderate degree,Moderate degree,8,7,6,9,4,7,5,7,6,7,8,7,8,6,8,7,8,7,8,9,7,7,6,8,8,9,7,8,7,5,7,6,8,6,8,9,7,8,7,6,8,5,6,7,6,7,8,7,6,8,7,8,6,7,6,7,6,7,6,8,7,7
10/9/2021 12:40,10/9/2021 13:46,7,9,6,More than a year,Coursera,,LinkedIn Learning,Pluralsight,Udacity,Udemy,8,6,8,Yes,software developer,"Yes. Certification, license, or other non-degree credentials are required by law.","1,001-5,000",Information Technology,,TRUE,Virginia,Male,"175,000-199,999",25-34,Obtained Undergraduate Degree,Asian or Asian American,3.3,"60,60,67,69,67",8,5,8,5,8,Conservative or Evangelical Christian,5,Large negative impact,Moderate degree,Moderate degree,8,3,Strongly Agree,3,6,5,2,6,4,6,7,Very Much,8,6,5,8,Very Much,6,5,8,7,4,8,6,4,8,9,6,5,8,5,Very Much,7,6,3,9,7,4,Very Much,8,6,8,9,5,8,4,8,Very Much,7,5,9,9,6,4,9,Very Much,7,4,8,9,4,8
10/9/2021 13:31,10/9/2021 13:43,6,6,7,Under 6 months,Coursera,edX,,,,,6,7,8,Yes,manager,"Yes. Certification, license, or other non-degree credentials are an industry norm.",51-200,"Finance, Investment, or Accounting",,TRUE,New York,Male,"75,000-99,999",25-34,Obtained Non-Doctoral Graduate Degree,White or Caucasian,3,"52,60,52,60,60",6,7,6,8,7,Progressive Christian,6,Slight negative impact,Slight degree,Slight degree,7,6,6,7,7,7,7,7,7,8,6,7,7,7,7,7,8,8,7,7,7,6,8,8,7,7,7,7,7,7,8,8,7,7,7,7,8,6,7,8,7,8,7,8,8,8,8,7,7,8,7,7,7,8,8,8,8,9,8,7,6,7
10/9/2021 13:26,10/9/2021 13:40,7,9,Strongly Agree,Under 3 months,Coursera,,,,,,7,6,8,Yes,n/a,"Yes. Certification, license, or other non-degree credentials are an industry norm.",51-200,Health,,TRUE,California,Female,"25,000-49,999",25-34,Some College,White or Caucasian,2.7,"48,69,62.5,60,67",7,9,6,8,6,Progressive Christian,7,Slight negative impact,Moderate degree,Slight degree,5,7,8,5,9,9,6,8,5,6,4,7,7,5,8,4,7,8,4,8,4,6,8,5,8,4,7,6,8,5,8,9,5,9,6,9,5,9,5,8,8,8,5,7,7,8,6,7,7,7,8,7,6,8,7,8,6,8,6,8,9,6
10/9/2021 13:14,10/9/2021 13:27,9,Strongly Agree,Strongly Agree,Under a year,Coursera,,,,,,Strongly Agree,9,9,Yes,sales,"Yes. Certification, license, or other non-degree credentials are required by law.","1,001-5,000",Real Estate,,TRUE,Texas,Male,"75,000-99,999",35-44,Some College,Black or African American,3.24,90,9,9,9,9,9,Agnostic or Atheist,9,Large negative impact,Moderate degree,Moderate degree,9,2,Strongly Agree,2,Strongly Agree,Strongly Agree,Strongly Agree,2,2,2,9,Very Much,Very Much,9,9,9,9,9,9,9,9,Very Much,Very Much,Very Much,9,9,9,9,Very Much,Very Much,Very Much,Very Much,9,9,9,9,9,9,8,9,9,9,9,8,9,9,9,Very Much,Very Much,9,9,9,9,9,9,9,Very Much,Very Much,Very Much,Very Much,Very Much,9
10/9/2021 12:33,10/9/2021 13:20,9,7,9,Under 6 months,,edX,LinkedIn Learning,,,Udemy,7,5,5,No,n/a,"Yes. Certification, license, or other non-degree credentials are an industry norm.",201-500,Information Technology,,TRUE,Florida,Male,"50,000-74,999",35-44,Obtained Undergraduate Degree,White or Caucasian,4,"65,54,56,65,64",9,7,8,6,5,Other Christian,5,Slight negative impact,Slight degree,Moderate degree,5,3,6,5,4,5,7,6,8,6,5,4,6,7,8,5,6,5,7,5,6,4,6,7,5,7,5,6,5,6,5,7,6,7,5,7,8,5,7,5,4,6,7,6,7,6,6,7,5,7,5,7,5,7,6,8,5,5,7,6,5,4
10/9/2021 12:50,10/9/2021 13:20,8,7,9,Under a year,Coursera,,LinkedIn Learning,,,Udemy,9,3,3,No,Team Leader,"Yes. Certification, license, or other non-degree credentials are not required or expected, but there are some which are common and valued.",Nov-50,"Finance, Investment, or Accounting",,FALSE,Texas,Female,"10,000-24,999",25-34,Obtained Undergraduate Degree,White or Caucasian,4.7,"92,92,92,83,8",9,9,9,9,7,Other Christian,8,Slight negative impact,Large degree,Large degree,2,4,5,7,5,5,6,9,7,7,7,7,7,7,9,9,6,4,9,9,5,5,9,9,8,8,9,9,6,6,9,9,6,6,9,9,6,5,9,8,4,4,3,2,7,6,9,9,3,3,Very Much,Very Much,6,6,8,8,8,8,9,9,5,5
10/9/2021 13:01,10/9/2021 13:18,8,7,8,Under a year,Coursera,,,,Udacity,Udemy,8,6,8,No,n/a,Not Applicable,"501-1,000",Manufacturing,,TRUE,Washington,Male,"25,000-49,999",25-34,Obtained Undergraduate Degree,White or Caucasian,3.6,"71,79,62.5,71,40",7,4,7,6,5,Conservative or Evangelical Christian,8,Large negative impact,Moderate degree,No increase (or a decrease),8,6,7,8,7,8,9,7,4,4,2,3,3,2,7,8,7,8,9,9,8,9,Very Much,Very Much,9,8,9,7,8,9,8,9,5,6,8,8,7,8,Very Much,9,9,8,9,9,Very Much,9,8,9,7,8,8,9,9,8,7,8,8,9,8,9,Very Much,Very Much
10/9/2021 13:14,10/9/2021 13:16,Strongly Disagree,Strongly Disagree,Strongly Disagree,Under 3 months,,,LinkedIn Learning,,,,Strongly Disagree,Strongly Disagree,Strongly Disagree,Yes,n/a,"Yes. Certification, license, or other non-degree credentials are required by law.",10-Jan,Agriculture,,FALSE,Kansas,Female,"0-9,999",18-24,High School Diploma,White or Caucasian,3.9,"77,71,10,71,91",Strongly Disagree,Strongly Disagree,Strongly Disagree,Strongly Disagree,1,"Religious, Not Christian",Strongly Disagree,No negative impact (or a positive impact),No increase (or a decrease),No increase (or a decrease),Strongly Agree,Strongly Agree,Strongly Agree,Strongly Agree,Strongly Agree,Strongly Agree,Strongly Agree,Strongly Agree,Very Unimpressed,Very Unimpressed,Very Little,Very Little,Very Little,Very Little,Very Little,Very Little,Very Little,Very Little,Very Little,Very Little,Very Little,Very Little,Very Little,Very Little,Very Little,Very Little,Very Little,Very Little,Very Little,Very Little,Very Little,Very Little,Very Little,Very Little,Very Little,Very Little,Very Little,Very Little,Very Little,Very Little,Very Little,Very Little,Very Little,Very Little,Very Little,Very Little,Very Little,Very Little,Very Little,Very Little,Very Little,Very Little,Very Little,Very Little,Very Little,Very Little,Very Little,Very Little,Very Little,Very Little,Very Little,Very Little
10/9/2021 12:59,10/9/2021 13:13,Strongly Agree,8,8,Under a year,Coursera,,,,,Udemy,4,7,Strongly Agree,No,Team Leader,"No. I do not know of any credentials which are common, valued, or legally required in that line of work.",10-Jan,Information Technology,,FALSE,Pennsylvania,Female,"100,000-124,999",35-44,High School Diploma,White or Caucasian,3.9,"77,71,10,71,91",8,3,9,Strongly Agree,6,Other Christian,2,Slight negative impact,Large degree,Moderate degree,8,4,8,Strongly Agree,Strongly Disagree,3,6,Strongly Agree,9,9,Very Little,Very Little,Very Little,Very Little,6,8,6,6,Very Much,Very Much,Very Much,Very Much,9,Very Much,8,8,Very Much,Very Much,Very Much,Very Much,5,4,5,5,Very Much,Very Much,Very Much,Very Much,8,9,9,9,3,2,2,4,6,5,5,5,Very Much,Very Much,Very Much,Very Much,3,Very Little,2,3,6,9,6,6
10/9/2021 12:33,10/9/2021 13:12,7,8,8,Under 6 months,,,LinkedIn Learning,,,,5,8,6,Yes,supervisor,"Yes. Certification, license, or other non-degree credentials are not required or expected, but there are some which are common and valued.",201-500,Manufacturing,,FALSE,Florida,Female,"50,000-74,999",35-44,Obtained Undergraduate Degree,White or Caucasian,3.1,"73,60,62.5,58,60",9,8,8,7,7,Other Christian,8,Moderate negative impact,Moderate degree,Large degree,5,5,6,6,5,6,6,6,8,7,8,8,9,4,9,8,8,4,8,8,8,7,8,6,5,5,7,7,5,6,8,8,8,7,7,6,7,6,9,9,9,6,8,9,8,8,8,8,8,6,9,7,7,7,8,7,8,5,6,7,8,7
10/9/2021 12:43,10/9/2021 12:54,9,Strongly Agree,Strongly Agree,Under a year,Coursera,edX,LinkedIn Learning,,Udacity,Udemy,5,8,Strongly Agree,Unemployed,customer service representative,Not Applicable,I am currently not employed,Real Estate,hospitality,FALSE,Ohio,Other,"25,000-49,999",18-24,High School Diploma,Black or African American,2.2,"100,27,23,56,79",9,6,Strongly Agree,Strongly Agree,10,"Spiritual or Theistic, No Specific Religion",3,Moderate negative impact,Large degree,Moderate degree,3,7,2,Strongly Disagree,8,Strongly Disagree,6,Strongly Disagree,9,9,7,6,8,8,7,5,8,9,5,4,6,5,7,6,6,8,8,5,6,6,6,3,4,4,7,5,6,7,7,5,6,6,3,5,2,7,5,4,4,6,8,6,5,7,7,5,5,6,4,7,6,4
10/9/2021 12:31,10/9/2021 12:50,8,7,8,Under a year,,edX,LinkedIn Learning,,Udacity,,8,9,8,Yes,"Recruiters and hiring managers usually ask potential hires about how well they work as a team and what type of work environment they prefer. Hiring managers should look for self-assured, confident employees who take credit for their work while also recognizing the efforts of the whole team involved","Yes. Certification, license, or other non-degree credentials are an industry norm.",201-500,"Finance, Investment, or Accounting",,TRUE,Virginia,Female,"50,000-74,999",25-34,Obtained Undergraduate Degree,White or Caucasian,3.3,"65,50,67,54,55",9,9,7,9,8,Progressive Christian,9,Moderate negative impact,Slight degree,Slight degree,6,8,7,8,5,6,5,9,8,8,9,8,8,8,8,8,8,7,7,8,8,7,8,8,8,7,8,7,8,7,7,8,7,8,7,8,7,8,7,7,6,7,6,8,7,7,6,8,7,8,7,8,9,7,8,7,8,7,8,9,7,8
10/9/2021 12:23,10/9/2021 12:46,6,7,7,Under a year,,edX,,Pluralsight,Udacity,,7,6,7,Yes,manager,"Yes. Certification, license, or other non-degree credentials are an industry norm.",201-500,"Finance, Investment, or Accounting",,TRUE,New York,Male,"75,000-99,999",25-34,Obtained Non-Doctoral Graduate Degree,White or Caucasian,3,"54,56,52,65,69",6,6,6,7,6,Progressive Christian,6,Slight negative impact,Slight degree,Slight degree,6,6,6,7,7,7,8,6,7,7,6,7,8,8,8,9,9,9,9,9,9,9,9,9,Very Much,8,8,8,8,7,7,8,7,7,7,8,7,7,7,7,8,8,8,7,7,7,8,7,7,8,7,8,8,7,7,7,7,8,7,8,8,7
10/9/2021 12:40,10/9/2021 12:42,9,Strongly Agree,Strongly Agree,Under a year,Coursera,edX,LinkedIn Learning,,Udacity,Udemy,5,7,Strongly Agree,Unemployed,customer service representative,Not Applicable,I am currently not employed,Real Estate,hospitality,FALSE,Ohio,Other,"25,000-49,999",18-24,High School Diploma,Black or African American,,,,,,,,,,,,,,,,,,,,,,,,,,,,,,,,,,,,,,,,,,,,,,,,,,,,,,,,,,,,,,,,,,,,,,,,,,
10/9/2021 12:07,10/9/2021 12:35,9,8,Strongly Agree,Under a year,,,LinkedIn Learning,,Udacity,Udemy,6,Strongly Agree,8,No,Operational staff,"Yes. Certification, license, or other non-degree credentials are an industry norm.",51-200,Manufacturing,,FALSE,Pennsylvania,Male,"25,000-49,999",25-34,Obtained Undergraduate Degree,White or Caucasian,4.2,"65,79,58,62.5,33",9,7,9,7,6,Other Christian,9,Moderate negative impact,Large degree,Large degree,7,8,8,9,9,Strongly Disagree,9,Strongly Disagree,9,Very Impressed,9,Very Much,7,6,8,9,8,7,6,9,7,6,7,Very Much,7,6,8,Very Much,7,7,9,Very Much,9,8,6,Very Much,8,8,8,Very Much,8,8,8,9,Very Much,9,7,Very Much,8,8,7,Very Much,8,8,Very Much,9,Very Much,Very Much,Very Much,9,Very Much,9
10/9/2021 12:14,10/9/2021 12:28,6,7,6,Under a month,Coursera,edX,,Pluralsight,,Udemy,5,7,6,No,Data Analyst,"Yes. Certification, license, or other non-degree credentials are not required or expected, but there are some which are common and valued.",51-200,Information Technology,,TRUE,New York,Female,"25,000-49,999",25-34,Obtained Undergraduate Degree,White or Caucasian,4.8,"83,92,87.5,75,29",6,7,7,8,6,Other Christian,7,No negative impact (or a positive impact),No increase (or a decrease),No increase (or a decrease),3,4,3,4,5,4,2,4,8,7,7,6,6,7,7,8,5,6,6,7,5,6,6,5,7,6,7,3,6,5,6,5,7,7,5,5,6,6,5,5,6,7,6,6,5,6,6,7,5,6,5,6,6,7,6,5,6,4,5,6,6,7
10/9/2021 12:17,10/9/2021 12:24,Strongly Agree,Strongly Agree,Strongly Agree,More than a year,,edX,,,,,Strongly Agree,Strongly Agree,Strongly Agree,Yes,n/a,"Yes. Certification, license, or other non-degree credentials are required by law.","5,001-10,000",Information Technology,,TRUE,California,Male,"100,000-124,999",25-34,Obtained Undergraduate Degree,Black or African American,3.24,"90,71,71,63,31",Strongly Agree,Strongly Agree,Strongly Agree,Strongly Agree,10,Progressive Christian,Strongly Agree,Slight negative impact,Slight degree,Slight degree,Strongly Disagree,Strongly Disagree,Strongly Disagree,Strongly Disagree,Strongly Disagree,Strongly Disagree,Strongly Disagree,Strongly Disagree,Very Impressed,Very Impressed,Very Much,Very Much,Very Much,Very Much,Very Much,Very Much,Very Much,Very Much,Very Much,Very Much,Very Much,Very Much,Very Much,Very Much,Very Much,Very Much,Very Much,Very Much,Very Much,Very Much,Very Much,Very Much,Very Much,Very Much,Very Much,Very Much,Very Much,Very Much,Very Much,Very Much,Very Much,9,Very Much,Very Much,Very Much,Very Much,Very Much,Very Much,Very Much,Very Much,Very Much,Very Much,Very Much,Very Much,Very Much,Very Much,Very Much,Very Much,Very Much,Very Much,Very Much,Very Much
10/9/2021 12:02,10/9/2021 12:13,Strongly Agree,Strongly Agree,Strongly Agree,More than a year,Coursera,,,,,,Strongly Agree,Strongly Agree,Strongly Agree,Yes,n/a,"Yes. Certification, license, or other non-degree credentials are required by law.","1,001-5,000",Information Technology,,TRUE,California,Male,"100,000-124,999",35-44,Obtained Undergraduate Degree,Black or African American,3.24,"90,71,71,63,31",Strongly Agree,Strongly Agree,Strongly Agree,Strongly Agree,10,Other Christian,Strongly Agree,Slight negative impact,Slight degree,Slight degree,Strongly Disagree,Strongly Disagree,Strongly Disagree,Strongly Disagree,Strongly Disagree,Strongly Disagree,Strongly Disagree,Strongly Disagree,Very Impressed,Very Impressed,Very Much,Very Much,Very Much,Very Much,Very Much,Very Much,Very Much,Very Much,Very Much,Very Much,Very Much,Very Much,Very Much,Very Much,Very Much,Very Much,Very Much,Very Much,Very Much,Very Much,Very Much,Very Much,Very Much,Very Much,Very Much,Very Much,Very Much,Very Much,Very Much,Very Much,Very Much,Very Much,Very Much,Very Much,Very Much,Very Much,Very Much,Very Much,Very Much,Very Much,Very Much,Very Much,Very Much,Very Much,Very Much,Very Much,Very Much,Very Much,Very Much,Very Much,Very Much,Very Much
10/9/2021 11:00,10/9/2021 12:13,8,3,6,Under a year,,,,,,,7,Strongly Disagree,4,No,crowdsource worker,"Yes. Certification, license, or other non-degree credentials are not required or expected, but there are some which are common and valued.",10-Jan,Information Technology,crowdsourcing,FALSE,Virginia,Female,"10,000-24,999",25-34,Obtained Undergraduate Degree,Asian or Asian American,3.1,"71,52,6,44,15",3,Strongly Disagree,7,8,8,Agnostic or Atheist,Strongly Disagree,Slight negative impact,Slight degree,No increase (or a decrease),9,7,9,5,5,Strongly Agree,2,Strongly Agree,8,8,6,5,5,5,8,5,5,5,5,4,5,4,8,5,5,5,8,5,5,5,8,4,4,4,8,5,5,5,8,5,4,4,Very Little,2,2,2,8,5,5,5,8,5,5,5,8,3,4,4,8,3,4,4
10/9/2021 12:01,10/9/2021 12:12,Strongly Agree,Strongly Agree,9,Under a year,Coursera,,,,,,9,9,9,Yes,sales,"Yes. Certification, license, or other non-degree credentials are required by law.","5,001-10,000",Retail,,TRUE,Florida,Male,"75,000-99,999",25-34,Some College,Black or African American,3.24,71,9,9,Strongly Agree,Strongly Agree,10,Agnostic or Atheist,Strongly Agree,Large negative impact,Moderate degree,Moderate degree,Strongly Agree,Strongly Agree,2,Strongly Agree,Strongly Agree,2,Strongly Agree,Strongly Agree,2,Very Impressed,Very Much,Very Much,Very Much,Very Much,Very Much,Very Much,Very Much,9,9,Very Much,Very Much,Very Much,Very Much,Very Much,Very Much,9,9,9,9,9,9,Very Much,Very Much,Very Much,9,9,9,Very Much,Very Much,8,8,9,9,Very Much,Very Much,Very Much,9,9,9,Very Much,6,9,9,Very Much,9,9,9,Very Much,Very Much,9,Very Much,9
10/9/2021 11:52,10/9/2021 12:04,9,8,9,Under 6 months,Coursera,,,Pluralsight,,,8,3,7,Yes,IT,"Yes. Certification, license, or other non-degree credentials are an industry norm.","10,000+",Information Technology,,TRUE,Texas,Male,"75,000-99,999",25-34,Obtained Undergraduate Degree,White or Caucasian,3.2,"42,52,54,46,48",8,8,8,7,7,Other Christian,7,Moderate negative impact,Slight degree,Moderate degree,7,7,7,7,7,6,7,7,7,8,7,8,6,7,6,8,6,7,6,7,6,6,8,7,7,6,7,6,8,6,7,6,8,6,8,7,8,7,8,9,9,8,8,9,7,8,7,8,7,9,7,9,7,9,8,9,8,9,9,8,9,7
10/9/2021 11:45,10/9/2021 12:03,8,8,9,Under a month,,,,,Udacity,Udemy,8,9,8,No,NA,"Yes. Certification, license, or other non-degree credentials are an industry norm.",51-200,"Finance, Investment, or Accounting",,TRUE,New York,Male,"75,000-99,999",25-34,Obtained a Non-PhD Doctoral Degree,White or Caucasian,2.9,"65,54,52,65,60",8,8,8,8,6,Conservative or Evangelical Christian,8,Moderate negative impact,Moderate degree,Moderate degree,7,6,6,6,7,7,7,7,6,7,5,7,7,6,8,6,7,7,6,7,6,7,8,7,8,8,7,8,7,8,7,8,7,8,7,8,7,8,9,6,7,8,6,7,8,6,8,7,7,8,7,7,8,6,7,6,7,8,7,8,8,8
10/9/2021 11:31,10/9/2021 11:57,9,7,8,Under 3 months,,,LinkedIn Learning,,,,9,8,9,Yes,Software Developer ,"Yes. Certification, license, or other non-degree credentials are an industry norm.","501-1,000",Information Technology,,TRUE,California,Male,"50,000-74,999",25-34,Some College,Asian or Asian American,2.29,"73,50,67,77,56",9,7,9,7,9,Conservative or Evangelical Christian,9,Slight negative impact,Moderate degree,Moderate degree,3,4,2,4,4,5,3,4,3,4,9,7,8,9,9,Very Much,8,9,Very Much,8,7,9,7,8,9,Very Much,8,7,9,8,7,9,Very Much,7,8,7,9,7,7,8,9,7,7,7,9,8,8,9,8,9,8,7,8,9,8,7,8,9,8,8,7,8
10/9/2021 11:37,10/9/2021 11:56,8,4,6,Under a year,Coursera,,LinkedIn Learning,,,Udemy,8,3,3,Yes,analyst,"Yes. Certification, license, or other non-degree credentials are an industry norm.","1,001-5,000",Military,,FALSE,Texas,Male,"150,000-174,999",35-44,Obtained Non-Doctoral Graduate Degree,White or Caucasian,4.59,"46,81,69,44,21",4,6,8,Strongly Disagree,6,Conservative or Evangelical Christian,4,Slight negative impact,Moderate degree,Moderate degree,2,5,4,6,5,7,6,8,6,6,3,3,3,3,4,4,4,4,6,6,6,6,8,8,8,8,8,8,8,8,8,8,8,8,Very Much,Very Much,Very Much,Very Much,Very Much,Very Much,Very Much,Very Much,5,5,5,5,7,7,7,7,7,7,7,7,7,7,7,7,5,5,5,5
10/9/2021 11:35,10/9/2021 11:55,7,7,7,Under 3 months,,,,Pluralsight,Udacity,,7,7,8,Yes,manager,"Yes. Certification, license, or other non-degree credentials are an industry norm.",51-200,"Finance, Investment, or Accounting",,TRUE,New York,Male,"75,000-99,999",25-34,Some College,White or Caucasian,4,22,6,7,8,8,7,"Religious, Not Christian",7,No negative impact (or a positive impact),Slight degree,Slight degree,6,6,6,6,7,6,6,6,6,7,6,8,5,6,7,8,8,6,5,6,7,7,6,6,7,7,6,7,7,6,6,6,6,6,5,6,5,5,6,6,7,7,7,7,7,7,6,7,6,6,6,5,7,6,6,6,6,7,7,6,6,6
10/9/2021 11:12,10/9/2021 11:55,Strongly Agree,Strongly Agree,Strongly Agree,Under a year,Coursera,edX,LinkedIn Learning,Pluralsight,,Udemy,5,8,Strongly Agree,No,Social Worker,"Yes. Certification, license, or other non-degree credentials are an industry norm.",51-200,Health,Human Services,FALSE,Georgia,Female,"50,000-74,999",25-34,Obtained Undergraduate Degree,Black or African American,4,"98,71,48,77,35",9,6,4,6,8,"Spiritual or Theistic, No Specific Religion",9,No negative impact (or a positive impact),Moderate degree,Large degree,2,5,2,3,3,7,5,Strongly Disagree,Very Impressed,Very Impressed,6,6,5,6,4,4,6,7,5,5,4,7,7,9,7,4,6,9,6,4,6,8,6,3,6,6,7,7,6,8,6,4,5,5,6,9,7,7,9,3,6,9,7,5,6,9,5,8,5,Very Much,5,8
10/9/2021 11:41,10/9/2021 11:53,8,7,9,Under a month,,edX,LinkedIn Learning,,,,5,9,9,Yes,ACCOUNTING,"Yes. Certification, license, or other non-degree credentials are an industry norm.","501-1,000","Finance, Investment, or Accounting",,TRUE,Virginia,Male,"25,000-49,999",25-34,Obtained Undergraduate Degree,White or Caucasian,3.3,"81,65,69,73,60",Strongly Agree,Strongly Agree,7,9,9,Progressive Christian,Strongly Agree,Moderate negative impact,Moderate degree,Large degree,Strongly Disagree,8,7,7,8,Strongly Disagree,6,7,9,Very Impressed,8,Very Much,8,7,9,7,Very Much,6,9,8,7,Very Much,7,8,6,6,9,7,9,5,9,8,9,6,7,7,9,7,8,6,9,7,6,8,6,8,5,8,7,9,5,Very Much,7,8,7,8,7,8,6,8,8,7
10/9/2021 11:32,10/9/2021 11:49,Strongly Agree,9,9,More than a year,Coursera,,,,,,9,Strongly Agree,9,Yes,n/a,"Yes. Certification, license, or other non-degree credentials are required by law.","1,001-5,000",Real Estate,,TRUE,Florida,Male,"75,000-99,999",35-44,Some College,Black or African American,3.24,90,9,9,9,Strongly Agree,10,Agnostic or Atheist,Strongly Agree,Large negative impact,Moderate degree,Moderate degree,9,Strongly Agree,2,2,Strongly Agree,Strongly Agree,Strongly Agree,2,2,9,9,9,9,Very Much,Very Much,Very Much,9,9,Very Much,Very Much,Very Much,Very Much,9,Very Much,Very Much,Very Much,Very Much,9,9,9,9,9,9,9,9,9,Very Much,9,9,9,Very Much,Very Much,9,9,9,9,9,Very Much,9,9,9,Very Much,Very Much,Very Much,Very Much,Very Much,Very Much,9,Very Much,9,9,9
10/9/2021 11:32,10/9/2021 11:49,9,6,7,Under a month,Coursera,edX,,,Udacity,Udemy,6,7,7,No,n/a,"No. I do not know of any credentials which are common, valued, or legally required in that line of work.","1,001-5,000",Education,,TRUE,Connecticut,Female,"50,000-74,999",25-34,Obtained Undergraduate Degree,White or Caucasian,2.7,"50, 65, 56, 65, 71",9,9,7,8,8,Progressive Christian,7,Moderate negative impact,Slight degree,Moderate degree,7,3,2,5,2,2,4,6,4,4,4,7,4,4,6,6,3,6,3,7,3,6,6,4,5,6,6,7,5,6,6,3,3,3,7,7,6,6,8,3,7,4,6,6,6,7,8,5,7,7,5,7,7,7,4,4,5,5,8,5,7,7
10/9/2021 11:31,10/9/2021 11:42,7,9,8,Under a month,,,,,Udacity,Udemy,8,9,9,Yes,Manager,"Yes. Certification, license, or other non-degree credentials are required by law.",201-500,"Finance, Investment, or Accounting",,TRUE,New York,Male,"75,000-99,999",25-34,Obtained a Non-PhD Doctoral Degree,White or Caucasian,2.9,"56,62.5,60,62.5,60",7,9,7,9,8,Conservative or Evangelical Christian,7,Moderate negative impact,Moderate degree,Moderate degree,3,3,4,3,3,4,2,3,7,8,7,8,8,9,8,7,8,8,9,8,7,8,8,9,7,8,8,9,7,8,7,9,8,7,8,9,8,8,7,8,9,8,7,8,8,9,8,7,8,9,8,7,8,9,7,8,9,8,7,7,8,9
10/9/2021 10:57,10/9/2021 11:41,9,8,Strongly Agree,Under a month,,edX,LinkedIn Learning,,,,8,7,8,Yes,Advisor,"Yes. Certification, license, or other non-degree credentials are an industry norm.",201-500,Information Technology,,FALSE,Ohio,Female,"25,000-49,999",35-44,Obtained Undergraduate Degree,White or Caucasian,4,"79,75,69,69,58",Strongly Agree,9,8,9,8,Progressive Christian,7,Large negative impact,Large degree,Moderate degree,5,8,6,9,7,8,8,Strongly Disagree,Very Impressed,Very Impressed,8,7,8,8,7,8,8,7,8,8,8,5,9,9,8,4,9,8,8,6,7,8,8,7,8,8,8,6,8,8,8,6,7,8,8,6,8,9,8,6,Very Much,9,9,7,8,8,8,7,8,8,8,7
10/9/2021 11:33,10/9/2021 11:37,7,8,7,Under a year,Coursera,,LinkedIn Learning,,Udacity,Udemy,8,8,7,No,na,"Yes. Certification, license, or other non-degree credentials are an industry norm.",201-500,Manufacturing,,FALSE,Ohio,Male,"50,000-74,999",65+,Obtained Undergraduate Degree,White or Caucasian,,,,,,,,,,,,,,,,,,,,,,,,,,,,,,,,,,,,,,,,,,,,,,,,,,,,,,,,,,,,,,,,,,,,,,,,,,
10/9/2021 11:27,10/9/2021 11:33,3,7,3,Under a week,Coursera,,,,,,7,6,7,Yes,n/a,"Yes. Certification, license, or other non-degree credentials are required by law.",51-200,Agriculture,,TRUE,California,Male,"10,000-24,999",25-34,Obtained Non-Doctoral Graduate Degree,Black or African American,3.21,"90,12,23,34",3,7,7,7,7,Agnostic or Atheist,7,Moderate negative impact,Large degree,Slight degree,7,7,6,7,3,7,8,8,8,8,7,7,7,7,6,7,7,7,7,7,6,6,5,7,7,6,5,6,7,6,6,7,4,6,3,7,7,6,3,3,4,6,7,6,7,6,6,6,6,7,7,6,3,6,6,7,6,6,6,6,7,6
10/9/2021 11:04,10/9/2021 11:29,Strongly Agree,8,Strongly Agree,Under a year,,,,,,Udemy,5,7,Strongly Agree,No,mturker,"No. I do not know of any credentials which are common, valued, or legally required in that line of work.","10,000+",Information Technology,,FALSE,Indiana,Male,"0-9,999",35-44,Did Not Graduate from High School,White or Caucasian,3.1,"46,63,8,50,44",8,3,6,7,5,Agnostic or Atheist,Strongly Disagree,Slight negative impact,No increase (or a decrease),No increase (or a decrease),3,5,3,6,4,8,6,Strongly Disagree,7,7,5,5,5,5,Very Much,7,6,6,6,6,6,6,8,5,7,6,8,5,6,6,6,6,6,6,8,5,7,7,8,5,7,7,6,7,7,6,8,5,6,7,8,4,7,7,8,4,7,8,9,8,7,8
10/9/2021 11:11,10/9/2021 11:28,9,8,9,Under a month,,,,,Udacity,Udemy,8,9,7,No,NA,"Yes. Certification, license, or other non-degree credentials are required by law.",201-500,"Finance, Investment, or Accounting",,TRUE,New York,Male,"75,000-99,999",25-34,Obtained Undergraduate Degree,White or Caucasian,3.3,"56,67,50,58,62.5",7,8,8,7,9,Conservative or Evangelical Christian,7,Slight negative impact,Moderate degree,Large degree,3,3,4,2,3,4,2,4,3,8,7,9,7,7,8,9,7,8,7,8,9,7,8,9,9,7,8,9,7,8,8,7,8,7,8,9,8,7,8,9,7,7,9,8,7,7,8,9,9,7,8,9,8,7,8,9,8,7,8,9,8,7
10/9/2021 10:32,10/9/2021 11:26,7,8,6,Under a year,,,LinkedIn Learning,Pluralsight,,Udemy,3,7,8,No,employed,"Yes. Certification, license, or other non-degree credentials are an industry norm.","5,001-10,000",Health,,TRUE,New York,Male,"75,000-99,999",25-34,Obtained Non-Doctoral Graduate Degree,White or Caucasian,2.8,"62.5,50,44,58,54",8,9,8,6,8,Conservative or Evangelical Christian,8,Slight negative impact,Moderate degree,Large degree,7,6,7,7,7,5,8,8,6,7,8,6,8,8,8,8,9,8,7,7,8,4,7,8,7,6,7,8,6,9,9,7,8,5,9,7,8,6,8,6,8,8,7,6,8,6,4,8,7,6,8,8,6,7,6,9,6,4,5,7,6,7
10/9/2021 10:49,10/9/2021 11:26,8,7,6,Under 3 months,,,LinkedIn Learning,,,,8,7,8,Yes,human resources,"Yes. Certification, license, or other non-degree credentials are required by law.","501-1,000",Manufacturing,,TRUE,Ohio,Female,"50,000-74,999",25-34,Obtained Undergraduate Degree,White or Caucasian,4.09,77,7,8,7,6,8,"Spiritual or Theistic, No Specific Religion",8,Slight negative impact,Slight degree,Slight degree,7,2,4,4,6,7,7,5,7,6,8,7,7,5,7,7,8,8,5,8,4,4,6,6,5,6,5,8,7,6,7,8,7,5,6,5,7,7,8,5,6,7,5,5,4,3,6,6,9,4,8,4,8,4,8,6,7,5,4,6,8,7
10/9/2021 11:13,10/9/2021 11:25,8,9,8,Under a week,,,,,Udacity,,8,8,7,Yes,search engine optimation,"Yes. Certification, license, or other non-degree credentials are an industry norm.",51-200,Information Technology,,TRUE,California,Male,"25,000-49,999",25-34,Obtained Undergraduate Degree,White or Caucasian,3.24,"90,71,",8,8,8,9,8,Other Christian,8,Moderate negative impact,Slight degree,Moderate degree,8,8,7,8,8,8,8,8,8,8,8,8,7,8,7,8,7,8,8,8,9,8,8,8,7,8,7,7,8,8,8,7,7,7,8,8,8,8,8,8,7,8,8,7,8,7,8,7,8,8,8,7,8,8,8,7,8,8,7,8,7,7
10/9/2021 10:53,10/9/2021 11:24,7,8,8,Under 3 months,,,LinkedIn Learning,,,Udemy,7,8,8,Yes,business,"Yes. Certification, license, or other non-degree credentials are required by law.","1,001-5,000",Education,,FALSE,Connecticut,Male,"50,000-74,999",25-34,Obtained Undergraduate Degree,White or Caucasian,3.24,"75,62.5,69,62.5,62",7,8,8,9,9,Other Christian,7,No negative impact (or a positive impact),Large degree,Moderate degree,7,7,8,8,6,5,8,7,7,9,7,8,9,8,8,9,8,9,9,8,9,8,8,9,8,8,8,9,9,9,8,8,5,6,7,8,8,7,8,8,7,7,8,7,8,8,9,8,8,9,8,9,8,9,9,9,7,8,7,8,7,8
10/9/2021 10:46,10/9/2021 11:23,9,Strongly Agree,9,Under 3 months,,,LinkedIn Learning,Pluralsight,,,8,7,9,Yes,Software Developer ,"Yes. Certification, license, or other non-degree credentials are required by law.",201-500,Information Technology,,TRUE,Virginia,Female,"50,000-74,999",25-34,Some College,Asian or Asian American,3.4,"67,56,50,56,62.5",9,8,7,6,7,Conservative or Evangelical Christian,9,Moderate negative impact,Large degree,Moderate degree,4,Strongly Agree,5,5,5,5,8,5,3,4,8,7,9,6,9,9,9,7,8,8,7,9,7,6,8,8,7,8,6,8,7,6,8,7,7,8,8,7,8,8,6,8,8,7,8,7,7,6,8,9,8,7,7,7,8,6,8,7,8,6,7,6
10/9/2021 10:38,10/9/2021 11:22,Strongly Agree,Strongly Agree,9,Under a week,Coursera,edX,LinkedIn Learning,Pluralsight,Udacity,,Strongly Agree,8,9,Yes,n/a,"Yes. Certification, license, or other non-degree credentials are required by law.","501-1,000",Manufacturing,,TRUE,Florida,Male,"10,000-24,999",45-54,Some Graduate School,White or Caucasian,3,"58,58",9,9,9,9,9,Conservative or Evangelical Christian,9,Moderate negative impact,Moderate degree,Moderate degree,9,9,9,9,9,9,9,9,9,9,9,9,9,8,9,9,9,9,9,8,9,9,8,9,9,9,9,9,8,8,8,9,8,9,9,8,9,9,9,9,9,9,9,9,9,9,9,9,9,9,8,9,9,9,9,9,9,9,9,9,9,9
10/9/2021 10:55,10/9/2021 11:21,Strongly Agree,8,7,More than a year,,edX,LinkedIn Learning,,Udacity,,8,5,9,Yes,Manager,"Yes. Certification, license, or other non-degree credentials are an industry norm.",51-200,Information Technology,,TRUE,Colorado,Male,"25,000-49,999",35-44,Some Graduate School,White or Caucasian,3.9,"83,94,92,75,33.",Strongly Agree,9,7,9,5,Other Christian,8,Moderate negative impact,Moderate degree,Large degree,8,6,7,9,6,7,8,8,4,8,9,6,4,5,4,6,6,5,8,9,9,5,8,9,9,6,9,7,7,5,8,8,9,9,8,9,7,9,8,Very Much,8,9,9,Very Much,9,8,9,9,7,7,9,8,9,9,7,8,9,8,9,9,9,8
10/9/2021 10:44,10/9/2021 11:20,8,8,7,Under a year,,,LinkedIn Learning,,Udacity,,7,8,7,Yes,manager,"Yes. Certification, license, or other non-degree credentials are required by law.",201-500,Manufacturing,,FALSE,New York,Male,"75,000-99,999",25-34,Some College,White or Caucasian,4,"67,67,62.5,60,44",9,8,8,8,8,Progressive Christian,7,Large negative impact,Moderate degree,Moderate degree,7,4,7,4,7,6,5,4,8,8,7,8,8,4,7,5,7,3,7,8,8,6,7,5,6,6,7,7,8,8,9,9,8,7,6,7,8,7,6,7,8,6,7,6,8,7,9,8,8,7,7,8,7,6,7,6,7,8,7,6,8,9
10/9/2021 10:44,10/9/2021 11:19,9,7,9,Under a month,Coursera,edX,,,,Udemy,7,6,7,No,Data Analyst,"Yes. Certification, license, or other non-degree credentials are not required or expected, but there are some which are common and valued.",51-200,Information Technology,,TRUE,Oklahoma,Female,"25,000-49,999",25-34,Obtained Undergraduate Degree,White or Caucasian,4.5,"81,83,83,71,17",8,9,Strongly Agree,8,8,Other Christian,9,No negative impact (or a positive impact),No increase (or a decrease),No increase (or a decrease),4,2,3,4,3,2,3,3,3,3,9,8,7,6,6,7,8,7,8,8,7,8,7,7,7,9,7,8,6,7,5,7,7,6,8,8,6,7,6,7,6,7,6,7,6,7,7,8,8,7,8,6,8,4,7,6,7,6,7,6,8,7
10/9/2021 10:34,10/9/2021 11:18,8,6,9,Under 3 months,,,LinkedIn Learning,,,,7,8,6,Yes,Software development,"Yes. Certification, license, or other non-degree credentials are required by law.","501-1,000",Information Technology,,TRUE,Texas,Male,"175,000-199,999",25-34,Obtained Undergraduate Degree,Asian or Asian American,3.5,"58,62.5,73,58,46",Strongly Agree,Strongly Agree,7,8,6,Conservative or Evangelical Christian,6,Moderate negative impact,Slight degree,Moderate degree,7,7,6,7,7,7,7,Strongly Disagree,8,6,8,6,8,8,6,7,8,7,8,9,7,9,7,6,9,7,Very Much,7,7,8,9,8,9,7,9,7,9,7,8,7,8,7,7,8,7,5,8,9,9,7,9,7,9,7,8,6,8,9,9,7,6,7
10/9/2021 11:07,10/9/2021 11:17,7,8,6,Under a month,Coursera,,LinkedIn Learning,,,Udemy,5,8,6,No,IT,"Yes. Certification, license, or other non-degree credentials are not required or expected, but there are some which are common and valued.",51-200,"Finance, Investment, or Accounting",,FALSE,Texas,Female,"25,000-49,999",25-34,Obtained Undergraduate Degree,White or Caucasian,2.9,"46,50,52,56,54",7,9,7,4,7,Conservative or Evangelical Christian,7,Moderate negative impact,Slight degree,Moderate degree,7,5,9,5,8,6,8,4,8,5,7,4,8,5,4,7,5,3,3,7,5,4,3,8,4,7,5,3,8,3,6,8,4,8,4,3,7,5,4,8,2,6,8,4,3,7,3,6,3,7,4,6,4,7,3,6,4,7,3,6,4,6
10/9/2021 10:46,10/9/2021 11:17,8,9,9,More than a year,,,LinkedIn Learning,,,,4,6,7,No,Email/Chat Specialist,"No. I do not know of any credentials which are common, valued, or legally required in that line of work.","10,000+",Retail,,FALSE,Ohio,Female,"50,000-74,999",55-64,High School Diploma,White or Caucasian,4.09,"58,83,60,79,0",7,6,6,6,6,"Spiritual or Theistic, No Specific Religion",4,No negative impact (or a positive impact),No increase (or a decrease),No increase (or a decrease),5,7,6,8,4,7,5,9,8,8,5,5,5,5,6,6,6,6,5,6,6,5,8,8,8,8,8,8,8,8,7,7,6,6,7,8,7,7,8,8,8,8,6,7,6,6,8,9,8,8,7,7,7,7,7,5,6,6,6,3,6,6
10/9/2021 11:00,10/9/2021 11:16,7,7,5,Under 6 months,Coursera,edX,,,,Udemy,6,7,6,No,n/a,Not Applicable,Nov-50,"Finance, Investment, or Accounting",,FALSE,Texas,Female,"75,000-99,999",25-34,Some College,White or Caucasian,2.7,"46, 62.5. 37.5, 58, 62.5",6,7,6,6,7,Agnostic or Atheist,6,Slight negative impact,Moderate degree,Moderate degree,7,6,6,7,5,5,6,6,5,7,7,6,5,6,5,6,6,6,6,6,7,5,6,6,6,5,6,6,5,6,5,6,5,6,6,5,6,7,5,6,6,5,6,6,5,5,6,5,6,5,5,6,6,7,5,6,5,6,5,5,6,5
10/9/2021 10:42,10/9/2021 11:14,9,8,7,Under 6 months,,,LinkedIn Learning,,,,9,8,8,Yes,n/a,"Yes. Certification, license, or other non-degree credentials are required by law.",Nov-50,Manufacturing,,TRUE,Indiana,Male,"50,000-74,999",35-44,Some Graduate School,White or Caucasian,3.24,"90,71,71,63,31",9,9,9,8,9,Conservative or Evangelical Christian,8,Large negative impact,Large degree,Moderate degree,9,8,8,8,7,8,8,8,9,8,8,7,8,8,8,7,8,9,8,8,9,8,9,8,8,8,9,8,9,7,8,7,8,7,8,8,8,8,7,8,8,8,8,8,8,8,7,8,7,8,7,8,8,7,8,8,8,8,8,7,7,8
10/9/2021 10:58,10/9/2021 11:11,Strongly Agree,Strongly Agree,Strongly Agree,Under a year,Coursera,,,,,,Strongly Agree,Strongly Disagree,3,No,Carpenter,"Yes. Certification, license, or other non-degree credentials are an industry norm.",Nov-50,Manufacturing,Construction,FALSE,California,Male,"25,000-49,999",45-54,High School Diploma,White or Caucasian,5,"65,98,56,54,0",Strongly Disagree,3,5,5,7,"Spiritual or Theistic, No Specific Religion",5,Slight negative impact,No increase (or a decrease),No increase (or a decrease),Strongly Disagree,5,5,Strongly Agree,Strongly Disagree,5,5,Strongly Agree,5,5,Very Little,Very Little,Very Little,Very Little,5,5,5,5,Very Much,Very Much,Very Much,Very Much,5,5,5,5,Very Much,Very Much,Very Much,Very Much,5,5,5,5,Very Much,Very Much,Very Much,Very Much,Very Much,Very Much,Very Much,Very Much,Very Much,Very Much,Very Much,Very Much,Very Much,Very Much,Very Much,Very Much,Very Much,Very Much,Very Much,Very Much,Very Much,Very Much,Very Much,Very Much,Very Much,Very Much,Very Much,Very Much
10/9/2021 10:53,10/9/2021 11:10,8,9,Strongly Agree,Under 6 months,Coursera,,LinkedIn Learning,,,Udemy,8,9,8,Yes,I WOULD MAKE DECISION ON BEING A SALES REPRESENTATIVE.,"Yes. Certification, license, or other non-degree credentials are an industry norm.","501-1,000",Health,,TRUE,Mississippi,Female,"25,000-49,999",35-44,Obtained Undergraduate Degree,White or Caucasian,3.4,"75,73,71,69,40",Strongly Agree,7,9,Strongly Agree,7,"Religious, Not Christian",8,Moderate negative impact,Moderate degree,Slight degree,4,5,4,4,5,7,7,8,8,8,7,8,6,5,7,7,6,8,6,7,8,8,7,9,Very Much,4,9,Very Much,9,4,9,9,Very Much,5,8,8,7,4,8,8,7,7,8,7,7,8,7,7,8,7,8,6,6,7,8,6,7,5,6,6,8,9
10/9/2021 10:44,10/9/2021 11:10,Strongly Agree,8,7,More than a year,,,,,,,6,7,7,No,Administrator,"No. I do not know of any credentials which are common, valued, or legally required in that line of work.",10-Jan,Law,,FALSE,North Carolina,Female,"10,000-24,999",55-64,Obtained Non-Doctoral Graduate Degree,White or Caucasian,4.7,"60,81,8,83,0",Strongly Agree,3,8,8,7,Agnostic or Atheist,4,Slight negative impact,No increase (or a decrease),Moderate degree,3,6,4,8,3,5,4,7,7,7,Very Little,Very Little,Very Little,Very Little,Very Little,Very Little,Very Little,Very Little,5,5,5,5,6,6,6,6,7,7,7,7,3,3,3,3,9,8,8,8,9,9,9,9,3,3,3,3,6,6,6,6,7,7,7,7,8,8,8,8,8,8,8,8
10/9/2021 10:28,10/9/2021 11:06,7,3,4,Under a year,,,,,,Udemy,Strongly Agree,2,2,No,n/a,"Yes. Certification, license, or other non-degree credentials are an industry norm.",I am currently not employed,Information Technology,,FALSE,Florida,Female,"10,000-24,999",55-64,Obtained Undergraduate Degree,White or Caucasian,4.3,"75,75,19,92,37",7,2,3,Strongly Agree,10,Agnostic or Atheist,2,Slight negative impact,Large degree,Large degree,Strongly Agree,3,8,3,Strongly Disagree,Strongly Agree,6,Strongly Agree,Very Impressed,Very Impressed,8,6,7,6,7,7,7,6,7,2,7,7,8,8,8,7,7,6,8,7,7,3,7,7,6,2,6,6,8,6,7,7,3,5,5,7,4,3,4,4,6,3,7,6,4,Very Little,5,5,7,8,7,7
10/9/2021 10:41,10/9/2021 11:03,Strongly Agree,9,Strongly Agree,Under a year,Coursera,edX,,,,,Strongly Agree,Strongly Agree,Strongly Agree,Yes,Office worker,"Yes. Certification, license, or other non-degree credentials are required by law.","501-1,000","Finance, Investment, or Accounting",,TRUE,New York,Male,"75,000-99,999",25-34,Some Graduate School,White or Caucasian,3.2,"77,62.5,71,60,58",Strongly Agree,Strongly Agree,Strongly Agree,9,9,Other Christian,9,Moderate negative impact,Moderate degree,Moderate degree,3,2,Strongly Agree,2,3,Strongly Agree,4,3,9,Very Impressed,9,8,9,8,9,8,9,Very Much,9,8,9,8,9,8,9,8,9,Very Much,9,8,9,8,9,Very Much,9,8,9,Very Much,9,8,7,9,Very Much,9,8,7,7,6,8,9,Very Much,9,8,7,6,8,9,Very Much,9,8,9,Very Much
10/9/2021 10:35,10/9/2021 11:00,8,8,Strongly Agree,Under a year,,,LinkedIn Learning,,,,6,9,5,No,n/a,"No. I do not know of any credentials which are common, valued, or legally required in that line of work.",51-200,Information Technology,,TRUE,Maine,Female,"25,000-49,999",25-34,Obtained Non-Doctoral Graduate Degree,White or Caucasian,3.2,"75, 67, 54, 65, 69",9,Strongly Agree,6,7,7,Agnostic or Atheist,7,Moderate negative impact,Slight degree,Moderate degree,7,8,8,9,9,7,8,7,9,9,8,8,8,5,7,8,8,Very Much,7,7,5,8,Very Much,9,9,6,8,9,9,6,6,8,8,4,9,8,9,9,9,6,Very Much,6,Very Much,Very Much,8,7,Very Much,Very Much,Very Much,9,9,Very Much,Very Much,Very Much,6,5,9,9,7,8,8,6
10/9/2021 10:29,10/9/2021 11:00,8,9,9,Under a week,Coursera,,,,,,6,7,5,Yes,n/a,"No. I do not know of any credentials which are common, valued, or legally required in that line of work.",201-500,Information Technology,,FALSE,Colorado,Female,"75,000-99,999",35-44,Obtained Undergraduate Degree,American Indian or Alaska Native,4.1,"51,20,35,61,30",9,8,7,9,5,"Spiritual or Theistic, No Specific Religion",9,Moderate negative impact,Large degree,Moderate degree,9,6,5,9,6,9,6,5,9,9,8,7,6,4,4,8,9,6,5,6,8,9,7,6,7,9,4,6,7,5,7,6,8,4,6,7,6,9,6,6,6,6,7,6,5,6,7,5,7,5,6,5,6,6,6,6,5,6,7,7,8,6
10/9/2021 10:37,10/9/2021 10:59,8,9,8,Under a month,,,,,Udacity,Udemy,8,9,7,No,NA,"Yes. Certification, license, or other non-degree credentials are required by law.",201-500,"Finance, Investment, or Accounting",,TRUE,New York,Male,"75,000-99,999",25-34,Obtained a Non-PhD Doctoral Degree,White or Caucasian,2.5,"58,52,58,56,62.5",8,7,7,9,8,Conservative or Evangelical Christian,6,Moderate negative impact,Moderate degree,Slight degree,3,2,3,4,3,4,4,3,4,4,8,9,7,8,8,7,9,8,7,7,8,9,8,6,7,8,9,6,7,8,8,9,7,8,7,9,7,8,9,7,8,8,7,8,7,8,9,7,8,9,7,8,9,7,8,9,8,8,7,9,7,8
10/9/2021 10:37,10/9/2021 10:59,9,8,6,Under a year,,,,,Udacity,,8,9,7,Yes,n/a,"Yes. Certification, license, or other non-degree credentials are not required or expected, but there are some which are common and valued.",51-200,"Finance, Investment, or Accounting",,TRUE,Maryland,Male,"25,000-49,999",25-34,Obtained Undergraduate Degree,White or Caucasian,2.25,"21,32,46,52",9,9,8,6,8,Progressive Christian,9,Moderate negative impact,Moderate degree,Slight degree,9,8,8,9,8,8,9,8,9,8,9,9,9,8,9,9,9,8,7,9,9,8,7,8,7,8,7,8,8,7,8,7,8,7,9,8,7,6,8,8,9,7,9,8,9,7,6,8,9,8,9,9,8,8,9,7,8,7,8,9,8,8
10/9/2021 10:41,10/9/2021 10:58,9,9,8,Under a month,,,,Pluralsight,Udacity,,9,8,9,Yes,SALES,"Yes. Certification, license, or other non-degree credentials are required by law.",51-200,Manufacturing,,TRUE,Kentucky,Male,"75,000-99,999",25-34,Some College,Black or African American,3,"67,71,60,58,67",9,Strongly Agree,9,9,8,Other Christian,9,Slight negative impact,Moderate degree,Slight degree,Strongly Agree,2,Strongly Agree,2,2,2,2,Strongly Agree,9,Very Impressed,9,9,Very Much,9,8,9,8,8,9,9,Very Much,9,8,9,8,9,8,9,9,8,9,9,9,8,9,9,8,9,9,8,8,9,9,8,8,8,9,9,8,9,9,8,8,9,8,8,9,9,8,8,8,8
10/9/2021 10:36,10/9/2021 10:57,8,7,8,Under 3 months,Coursera,edX,,Pluralsight,,Udemy,6,5,7,No,n/a,Not Applicable,Nov-50,"Finance, Investment, or Accounting",,FALSE,Georgia,Male,"25,000-49,999",25-34,Obtained Non-Doctoral Graduate Degree,White or Caucasian,3.1,"73, 67, 29, 67, 50",6,7,8,7,8,Agnostic or Atheist,6,Moderate negative impact,Moderate degree,Moderate degree,6,7,8,6,7,8,7,7,6,6,6,5,7,6,7,6,6,5,5,7,6,7,6,7,6,6,6,5,5,5,7,6,6,6,5,5,6,4,5,6,7,7,7,6,7,7,7,7,7,6,6,7,6,7,6,7,6,6,5,6,5,6
10/9/2021 10:31,10/9/2021 10:55,8,9,7,Under a year,Coursera,edX,,,,,6,7,8,No,n/a,"Yes. Certification, license, or other non-degree credentials are not required or expected, but there are some which are common and valued.",Nov-50,"Finance, Investment, or Accounting",,TRUE,New York,Male,"75,000-99,999",25-34,Obtained Undergraduate Degree,White or Caucasian,8,"A,C,E,N,O",8,6,7,8,9,Conservative or Evangelical Christian,8,Moderate negative impact,Moderate degree,Slight degree,7,6,7,8,8,7,6,7,8,6,7,9,7,8,7,8,7,8,7,7,8,5,8,9,7,8,7,8,7,7,7,8,7,6,8,8,7,8,7,8,7,7,6,7,7,8,7,8,7,5,7,7,7,7,6,7,8,7,9,7,8,7
10/9/2021 10:35,10/9/2021 10:53,Strongly Agree,Strongly Agree,Strongly Agree,More than a year,Coursera,,LinkedIn Learning,,,,9,2,8,Yes,Manufacturing,"Yes. Certification, license, or other non-degree credentials are required by law.","1,001-5,000",Manufacturing,,TRUE,California,Male,"10,000-24,999",25-34,High School Diploma,White or Caucasian,3.5,"87.5,85,71,67,37.5",Strongly Agree,7,9,7,9,Conservative or Evangelical Christian,Strongly Agree,Slight negative impact,Large degree,Large degree,Strongly Agree,5,5,2,3,6,3,3,Very Impressed,Very Impressed,Very Much,Very Much,Very Much,9,Very Much,Very Much,9,Very Much,Very Much,9,7,5,7,8,7,9,Very Much,Very Much,Very Much,8,Very Much,9,8,6,Very Much,Very Much,Very Much,6,Very Much,Very Much,Very Much,Very Much,8,Very Much,8,9,Very Much,Very Much,Very Much,Very Much,Very Much,Very Much,Very Much,8,7,8,9,6,7,9,Very Much,Very Much
10/9/2021 10:30,10/9/2021 10:52,8,7,Strongly Agree,Under a year,,,LinkedIn Learning,,,,3,8,8,Unemployed,School Librarian,"Yes. Certification, license, or other non-degree credentials are an industry norm.",I am currently not employed,Education,,FALSE,New Jersey,Female,"75,000-99,999",65+,Obtained Non-Doctoral Graduate Degree,White or Caucasian,5,"98,92,92,88,2",3,2,9,9,9,"Spiritual or Theistic, No Specific Religion",8,Moderate negative impact,Moderate degree,Large degree,3,5,8,7,3,3,2,Strongly Agree,Very Impressed,Very Impressed,5,5,5,5,8,8,8,8,9,9,9,9,Very Much,8,8,8,Very Much,9,8,8,Very Much,8,9,9,Very Much,8,9,9,Very Much,8,8,8,6,6,8,8,Very Much,9,7,7,Very Much,Very Much,8,8,7,7,7,8,9,2,6,8
10/9/2021 10:32,10/9/2021 10:50,9,7,7,Under 3 months,Coursera,,LinkedIn Learning,Pluralsight,,,8,5,7,Yes,Accountant,"Yes. Certification, license, or other non-degree credentials are required by law.",201-500,"Finance, Investment, or Accounting",,TRUE,New York,Male,"75,000-99,999",25-34,Some Graduate School,White or Caucasian,3.2,"77,83,79,67,19",9,Strongly Agree,5,8,9,Other Christian,9,Moderate negative impact,No increase (or a decrease),No increase (or a decrease),2,2,Strongly Agree,3,2,5,4,3,5,4,7,9,7,8,7,9,7,9,7,9,7,8,6,8,9,7,8,6,9,7,9,7,8,6,8,9,7,8,6,8,6,5,8,3,9,7,8,9,Very Much,7,9,7,9,6,8,9,7,9,6,8,9,7
10/9/2021 10:30,10/9/2021 10:49,9,8,Strongly Agree,Under a year,Coursera,edX,,,,,8,8,8,Yes,Office worker,"Yes. Certification, license, or other non-degree credentials are required by law.","501-1,000",Manufacturing,,TRUE,New York,Male,"75,000-99,999",25-34,Obtained Undergraduate Degree,White or Caucasian,3.4,"58,52,67,56,58",8,9,8,8,8,Other Christian,9,Slight negative impact,Moderate degree,Slight degree,9,9,9,9,9,9,9,9,9,9,9,9,9,9,9,9,9,9,9,9,9,9,9,9,9,9,8,9,9,9,9,9,9,9,9,9,9,9,8,9,8,9,8,8,9,8,9,8,8,9,8,9,8,8,8,8,8,9,8,8,9,8
10/9/2021 10:32,10/9/2021 10:48,7,5,5,Under a year,,,,,Udacity,,6,7,8,No,aircraft mechanic,"Yes. Certification, license, or other non-degree credentials are an industry norm.","501-1,000",Transportation,,FALSE,New York,Male,"25,000-49,999",25-34,Some College,White or Caucasian,4.2,"94,81,60,60,4",6,3,9,Strongly Agree,5,Agnostic or Atheist,3,Slight negative impact,No increase (or a decrease),Slight degree,9,7,7,5,6,2,4,Strongly Agree,6,6,2,3,4,4,7,5,6,5,6,5,6,5,7,7,8,7,8,7,8,7,5,5,5,5,9,9,6,6,Very Much,Very Much,6,5,2,Very Little,2,3,9,3,5,5,8,9,7,7,6,5,5,5,5,7,5,5
10/9/2021 10:30,10/9/2021 10:47,7,7,7,Under 6 months,,,LinkedIn Learning,,,,7,7,6,Yes,I am a manager so I am hiring employees,"Yes. Certification, license, or other non-degree credentials are required by law.","501-1,000",Agriculture,,TRUE,Indiana,Male,"50,000-74,999",35-44,Obtained Non-Doctoral Graduate Degree,White or Caucasian,4.3,"77,71,67,67,46",8,9,7,7,6,"Spiritual or Theistic, No Specific Religion",7,Moderate negative impact,Moderate degree,Moderate degree,5,5,5,6,7,7,5,6,8,7,6,6,6,7,6,7,6,6,7,6,7,5,7,6,6,6,6,7,6,6,6,6,6,7,7,7,6,6,7,6,6,6,6,6,6,6,5,5,6,6,5,7,6,5,6,6,6,6,6,6,6,6
10/9/2021 10:30,10/9/2021 10:46,Strongly Agree,Strongly Agree,9,Under 6 months,Coursera,edX,,Pluralsight,,,9,Strongly Agree,9,Yes,marketing,"No. I do not know of any credentials which are common, valued, or legally required in that line of work.",Nov-50,Energy,,TRUE,Tennessee,Male,"10,000-24,999",25-34,Some Graduate School,Black or African American,2.9,58,9,8,9,Strongly Agree,8,"Spiritual or Theistic, No Specific Religion",9,Moderate negative impact,Slight degree,Moderate degree,9,2,3,3,Strongly Agree,2,3,4,3,4,9,8,7,9,7,8,7,7,9,6,8,8,7,8,7,Very Much,6,5,4,8,8,7,9,7,6,4,6,4,4,5,7,5,8,6,5,8,5,7,5,3,Very Much,8,7,9,6,9,9,9,6,8,8,9
10/9/2021 10:31,10/9/2021 10:46,7,8,9,Under 6 months,Coursera,,LinkedIn Learning,,,Udemy,5,7,9,No,Marketing Manager,"No. I do not know of any credentials which are common, valued, or legally required in that line of work.",Nov-50,Law,,TRUE,Virginia,Female,"150,000-174,999",45-54,Obtained Non-Doctoral Graduate Degree,White or Caucasian,3.6,"85, 71, 27, 90, 58",8,2,7,5,8,Conservative or Evangelical Christian,3,Slight negative impact,No increase (or a decrease),Moderate degree,8,8,6,3,8,6,5,2,8,8,8,5,7,5,Very Much,6,7,6,7,5,8,4,9,4,7,5,Very Much,7,8,6,8,6,7,4,Very Much,6,7,6,Very Much,4,7,5,6,7,5,9,Very Much,6,6,7,Very Much,8,9,8,8,4,5,7,Very Much,3,4,7
10/9/2021 10:30,10/9/2021 10:46,8,7,7,Under a month,,edX,,,,,8,7,8,Yes,Marketing,"Yes. Certification, license, or other non-degree credentials are required by law.",201-500,Education,,TRUE,New Jersey,Female,"10,000-24,999",18-24,Obtained Non-Doctoral Graduate Degree,Black or African American,2.7,"52,52,46,50,56",7,8,8,7,8,"Spiritual or Theistic, No Specific Religion",7,Moderate negative impact,Slight degree,Slight degree,8,9,9,6,7,9,5,8,5,7,7,8,6,9,7,7,9,8,Very Much,7,7,8,8,7,9,7,7,9,9,Very Much,8,7,9,8,8,9,9,8,8,8,9,8,9,9,9,9,6,3,7,7,Very Much,8,8,8,9,7,9,9,8,8,8,9
10/9/2021 10:31,10/9/2021 10:44,9,8,9,Under a year,Coursera,,,Pluralsight,,Udemy,8,9,8,Yes,n/a,"Yes. Certification, license, or other non-degree credentials are an industry norm.","501-1,000",Information Technology,,TRUE,California,Male,"75,000-99,999",25-34,Some College,White or Caucasian,3.2,"62.5,52,56,67,67",9,Strongly Agree,9,9,9,"Religious, Not Christian",9,No negative impact (or a positive impact),Large degree,Moderate degree,9,7,9,8,9,9,9,9,8,9,8,9,9,8,9,8,9,Very Much,8,9,7,9,8,9,8,9,8,8,9,8,8,9,8,9,8,9,8,8,8,9,8,8,9,8,9,Very Much,8,9,8,9,8,9,9,Very Much,9,Very Much,9,Very Much,9,Very Much,9,Very Much
10/9/2021 10:30,10/9/2021 10:44,8,8,7,Under 6 months,,,LinkedIn Learning,,Udacity,,7,6,7,Yes,Company hold,"Yes. Certification, license, or other non-degree credentials are required by law.","1,001-5,000",Education,,TRUE,North Carolina,Male,"100,000-124,999",25-34,Some Graduate School,Black or African American,3.2,"54,62.5,54,71,71",7,6,6,7,7,Progressive Christian,7,Moderate negative impact,Large degree,Moderate degree,6,7,7,5,7,7,7,7,Very Impressed,9,8,9,8,8,8,9,9,Very Much,Very Much,9,7,8,8,7,Very Much,8,Very Much,8,8,8,8,7,Very Much,8,7,8,9,8,9,8,9,8,9,8,9,7,8,9,8,8,Very Much,8,8,7,Very Much,8,8,8,9,8,9,8
10/9/2021 10:30,10/9/2021 10:43,9,Strongly Agree,7,Under 6 months,Coursera,,,,,,9,Strongly Agree,Strongly Agree,Yes,software engineer,"Yes. Certification, license, or other non-degree credentials are an industry norm.","1,001-5,000",Information Technology,,TRUE,North Carolina,Male,"200,000+",35-44,Some Graduate School,White or Caucasian,3.24,"91,88,87,95,93",Strongly Agree,7,Strongly Agree,Strongly Agree,10,Conservative or Evangelical Christian,Strongly Agree,Slight negative impact,Moderate degree,Large degree,Strongly Agree,2,3,Strongly Agree,5,Strongly Agree,2,Strongly Agree,Very Impressed,8,9,Very Much,7,7,9,9,Very Much,6,8,8,Very Much,6,8,9,Very Much,8,8,9,Very Much,Very Much,8,9,7,9,Very Much,Very Much,Very Much,7,8,Very Much,8,8,9,9,7,8,9,Very Much,Very Much,7,9,Very Much,7,4,7,Very Much,8,6,7,8,9,6
10/9/2021 10:30,10/9/2021 10:41,8,7,8,Under 6 months,,edX,,,,Udemy,8,6,6,No,n/a,"Yes. Certification, license, or other non-degree credentials are an industry norm.","501-1,000",Manufacturing,,TRUE,Texas,Male,"50,000-74,999",25-34,Obtained Undergraduate Degree,White or Caucasian,3.4,"65,58,56,52,52",8,Strongly Agree,5,6,7,Agnostic or Atheist,7,Moderate negative impact,Slight degree,Moderate degree,5,7,9,5,7,8,Strongly Disagree,5,6,7,8,6,9,9,6,5,7,7,8,5,4,6,7,8,5,9,7,5,7,8,5,5,7,8,4,5,6,3,5,8,8,6,8,5,8,5,8,8,5,4,8,8,5,5,8,6,9,6,5,8,6,5
10/9/2021 10:30,10/9/2021 10:40,9,9,9,More than a year,Coursera,edX,LinkedIn Learning,,Udacity,,9,8,8,Yes,manager,"Yes. Certification, license, or other non-degree credentials are required by law.","501-1,000",Retail,,TRUE,Texas,Male,"25,000-49,999",25-34,Obtained Undergraduate Degree,White or Caucasian,3.1,"60,56,60,58,60",9,8,8,8,6,Progressive Christian,7,Moderate negative impact,Moderate degree,Moderate degree,8,8,7,8,9,8,7,6,8,7,7,8,7,9,7,8,8,6,8,8,8,6,7,7,7,7,7,8,8,8,7,7,8,8,8,8,7,7,7,8,8,8,8,8,7,7,7,8,8,8,8,8,7,7,7,7,7,7,7,7,7,7
10/9/2021 10:29,10/9/2021 10:38,7,8,6,Under a month,,,,Pluralsight,,,6,5,6,No,n/a,"Yes. Certification, license, or other non-degree credentials are an industry norm.","1,001-5,000",Information Technology,,TRUE,California,Female,"50,000-74,999",35-44,Obtained Undergraduate Degree,White or Caucasian,2.6,"46,71,58,54,52",5,4,5,6,5,Conservative or Evangelical Christian,5,Moderate negative impact,Moderate degree,Slight degree,4,6,7,6,5,4,4,6,7,6,5,6,7,6,5,4,5,6,5,5,6,7,6,5,4,5,6,7,6,5,4,6,7,5,4,6,7,5,4,6,7,5,4,6,6,7,4,6,7,6,4,6,4,4,6,5,4,7,5,5,3,5
10/9/2021 10:32,10/9/2021 10:38,Strongly Agree,Strongly Agree,9,Under 6 months,,,LinkedIn Learning,,,,9,9,7,Yes,Manufacturing,"Yes. Certification, license, or other non-degree credentials are required by law.","501-1,000",Manufacturing,,TRUE,Illinois,Male,"50,000-74,999",25-34,Obtained Undergraduate Degree,White or Caucasian,,,,,,,,,,,,,,,,,,,,,,,,,,,,,,,,,,,,,,,,,,,,,,,,,,,,,,,,,,,,,,,,,,,,,,,,,,
10/9/2021 10:29,10/9/2021 10:32,7,8,7,Under 3 months,,,LinkedIn Learning,,,Udemy,7,6,5,No,Manager,"Yes. Certification, license, or other non-degree credentials are required by law.","501-1,000","Finance, Investment, or Accounting",,TRUE,California,Male,"50,000-74,999",25-34,Some College,White or Caucasian,,,,,,,,,,,,,,,,,,,,,,,,,,,,,,,,,,,,,,,,,,,,,,,,,,,,,,,,,,,,,,,,,,,,,,,,,,
10/9/2021 4:26,10/9/2021 4:48,9,7,7,Under a month,,edX,,,,,7,9,9,Yes,MARKETING,"Yes. Certification, license, or other non-degree credentials are required by law.",201-500,Energy,,TRUE,California,Female,"25,000-49,999",18-24,Some College,Black or African American,3,"46,46,54,48,50",7,7,7,8,8,"Spiritual or Theistic, No Specific Religion",7,Moderate negative impact,Moderate degree,Moderate degree,5,8,9,7,8,8,8,8,8,8,6,6,6,7,7,7,7,7,7,8,8,8,8,9,6,8,4,6,7,7,7,7,5,8,8,8,8,6,Very Much,9,9,9,9,9,9,9,9,9,9,7,7,8,8,6,6,6,8,8,8,7,9,8
10/9/2021 4:14,10/9/2021 4:24,9,7,Strongly Agree,Under a year,Coursera,,,,Udacity,Udemy,3,Strongly Agree,9,No,Web Designer,"Yes. Certification, license, or other non-degree credentials are not required or expected, but there are some which are common and valued.",Nov-50,Information Technology,Art and Design,FALSE,Oregon,Male,"10,000-24,999",25-34,Obtained Undergraduate Degree,White or Caucasian,2.6,"96,52,62.5,44,37.5",3,3,6,5,7,Agnostic or Atheist,4,Moderate negative impact,Moderate degree,Moderate degree,5,5,5,5,8,8,8,8,6,6,3,4,4,4,4,6,5,7,6,5,5,7,8,6,6,5,8,6,5,5,8,6,5,5,8,6,5,4,8,6,4,4,8,7,6,5,8,6,5,5,8,6,6,5,6,6,5,6,5,5,5,6
10/9/2021 2:18,10/9/2021 2:21,8,6,8,Under a year,,,LinkedIn Learning,,,,4,3,4,No,n/a,"No. I do not know of any credentials which are common, valued, or legally required in that line of work.",201-500,Transportation,,FALSE,Kentucky,Male,"10,000-24,999",25-34,Some College,White or Caucasian,,,,,,,,,,,,,,,,,,,,,,,,,,,,,,,,,,,,,,,,,,,,,,,,,,,,,,,,,,,,,,,,,,,,,,,,,,
10/9/2021 1:33,10/9/2021 1:41,7,6,6,Under a month,,,,,Udacity,Udemy,7,5,7,Yes,n/a,"Yes. Certification, license, or other non-degree credentials are an industry norm.",201-500,Retail,,TRUE,Texas,Male,"50,000-74,999",35-44,Some College,White or Caucasian,2.7,"52,65,58,56,54",7,7,6,8,6,"Religious, Not Christian",5,Moderate negative impact,Slight degree,Slight degree,6,5,6,7,8,6,5,7,5,6,7,5,7,8,7,6,8,7,6,8,4,7,7,6,8,6,8,6,5,7,7,7,8,6,7,5,7,7,5,7,8,5,8,6,6,8,6,7,8,6,7,6,8,6,6,5,6,7,7,6,6,6
10/9/2021 0:44,10/9/2021 1:16,7,2,Strongly Agree,Under 6 months,Coursera,,,,,Udemy,8,3,4,No,Operations assistant,"No. I do not know of any credentials which are common, valued, or legally required in that line of work.",201-500,Transportation,,FALSE,Florida,Male,"25,000-49,999",35-44,Obtained Undergraduate Degree,White or Caucasian,2,"27,48,6,71,92",2,3,9,8,6,Agnostic or Atheist,Strongly Disagree,Slight negative impact,No increase (or a decrease),No increase (or a decrease),Strongly Disagree,8,Strongly Disagree,8,6,4,7,3,7,7,7,7,5,5,9,6,4,4,2,3,4,3,Very Much,8,6,6,9,7,6,6,8,8,6,6,Very Much,8,3,5,Very Much,8,6,6,2,2,3,3,8,6,4,5,Very Much,7,5,5,8,5,7,6,8,5,7,8
10/9/2021 0:53,10/9/2021 1:06,6,4,6,Under 3 months,Coursera,,,,Udacity,Udemy,4,Strongly Agree,9,No,n/a,Not Applicable,"10,000+",Transportation,,TRUE,Arizona,Male,"25,000-49,999",35-44,Obtained Undergraduate Degree,White or Caucasian,5,"77,98,40,29,25",6,6,7,3,2,"Spiritual or Theistic, No Specific Religion",5,Slight negative impact,Slight degree,Slight degree,9,6,7,5,8,5,6,3,7,7,9,7,7,7,8,6,6,6,8,4,6,5,8,4,6,5,8,4,7,6,8,5,6,5,9,3,5,4,9,5,5,5,7,4,6,6,8,6,5,5,8,5,5,5,8,5,6,5,8,6,6,6
10/9/2021 0:26,10/9/2021 0:45,7,6,8,Under 6 months,Coursera,edX,,,Udacity,Udemy,6,5,4,No,front end manager,"Yes. Certification, license, or other non-degree credentials are an industry norm.",51-200,Information Technology,,FALSE,Florida,Male,"75,000-99,999",35-44,GED,White or Caucasian,4.3,"100,90,4,63,23",Strongly Agree,Strongly Disagree,5,6,1,"Spiritual or Theistic, No Specific Religion",Strongly Disagree,Slight negative impact,Moderate degree,Moderate degree,Strongly Agree,5,5,Strongly Disagree,3,6,4,Strongly Disagree,Very Impressed,Very Impressed,Very Little,Very Little,Very Little,Very Little,Very Little,Very Little,Very Little,Very Little,4,4,4,4,6,6,6,6,7,7,7,7,7,7,7,7,7,8,7,8,8,8,7,7,2,2,2,2,8,8,7,7,8,8,7,7,8,8,7,7,8,7,7,7
10/9/2021 0:37,10/9/2021 0:38,8,7,7,Under a year,Coursera,,,,,,,,,,,,,,,,,,,,,,,,,,,,,,,,,,,,,,,,,,,,,,,,,,,,,,,,,,,,,,,,,,,,,,,,,,,,,,,,,,,,,,,,,,,,,,,
10/9/2021 0:06,10/9/2021 0:33,4,7,Strongly Agree,Under a year,Coursera,,,,Udacity,,2,9,5,No,"College professor, Psychology","No. I do not know of any credentials which are common, valued, or legally required in that line of work.","501-1,000",Education,,FALSE,Washington,Female,"50,000-74,999",45-54,Obtained Non-Doctoral Graduate Degree,White or Caucasian,3.3,"98,56,63,77,92",Strongly Disagree,2,7,Strongly Agree,5,Agnostic or Atheist,Strongly Disagree,No negative impact (or a positive impact),Large degree,Large degree,Strongly Disagree,5,6,4,Strongly Agree,Strongly Agree,Strongly Agree,Strongly Agree,5,5,Very Little,Very Little,Very Little,Very Little,8,3,5,4,Very Little,Very Little,Very Little,Very Little,Very Much,9,9,8,9,9,8,9,3,3,3,3,8,7,8,9,Very Much,Very Much,Very Much,Very Much,Very Much,5,8,8,6,3,4,4,9,7,9,9,5,5,5,5,Very Little,Very Little,Very Little,Very Little
10/8/2021 23:41,10/9/2021 0:06,6,5,6,Under 6 months,Coursera,,,,,,7,6,6,No,Database Assistant,"No. I do not know of any credentials which are common, valued, or legally required in that line of work.",51-200,Health,,TRUE,New York,Male,"10,000-24,999",45-54,Obtained Non-Doctoral Graduate Degree,Asian or Asian American,3,"52,40,15,48,73",7,5,5,8,5,Agnostic or Atheist,5,Slight negative impact,Moderate degree,Moderate degree,4,4,4,5,6,7,7,7,7,7,5,5,5,5,4,5,5,5,5,5,5,5,7,7,7,5,7,7,7,6,6,7,7,6,7,7,7,7,7,7,7,7,7,7,7,7,7,7,7,7,7,7,7,7,7,7,7,7,7,7,7,7
10/8/2021 23:15,10/8/2021 23:51,9,7,8,Under a year,,edX,,,,,7,8,6,No,n/a,Not Applicable,51-200,Information Technology,,TRUE,Indiana,Female,"25,000-49,999",25-34,Obtained Undergraduate Degree,White or Caucasian,4.3,"67,73,83,67,25",9,8,6,8,4,Agnostic or Atheist,9,No negative impact (or a positive impact),Moderate degree,Moderate degree,8,3,4,Strongly Agree,Strongly Disagree,5,5,2,8,7,4,4,3,5,8,8,7,6,8,8,7,8,9,9,9,8,9,8,9,8,Very Much,9,9,8,Very Much,8,Very Much,Very Much,9,9,9,9,3,4,5,5,8,8,7,7,9,9,9,8,8,8,8,9,7,9,7,8
10/8/2021 22:52,10/8/2021 23:25,8,6,7,Under 6 months,,,LinkedIn Learning,,Udacity,,6,9,6,No,Data analyst,"Yes. Certification, license, or other non-degree credentials are not required or expected, but there are some which are common and valued.",Nov-50,"Finance, Investment, or Accounting",,FALSE,Nevada,Male,"75,000-99,999",25-34,Obtained Undergraduate Degree,Asian or Asian American,3.8,"87.5, 58, 73, 52, 19",2,9,6,2,8,Agnostic or Atheist,5,Moderate negative impact,Large degree,No increase (or a decrease),2,3,2,7,4,5,4,9,8,8,7,6,6,7,7,6,5,6,6,6,7,6,8,6,6,6,7,6,6,6,6,6,6,6,7,6,5,5,6,6,5,6,8,6,8,8,6,6,5,5,4,4,4,5,8,6,6,6,7,6,7,7
10/8/2021 22:28,10/8/2021 23:18,6,7,9,Under a year,Coursera,,,,,Udemy,4,5,3,No,n/a,"No. I do not know of any credentials which are common, valued, or legally required in that line of work.","10,000+",Health,,TRUE,California,Male,"150,000-174,999",35-44,Obtained Non-Doctoral Graduate Degree,White or Caucasian,4.5,"85,75,88,67,29",8,4,8,9,6,Agnostic or Atheist,5,Large negative impact,Large degree,Large degree,9,4,6,3,4,6,4,Strongly Agree,9,9,4,3,2,2,8,8,6,6,6,6,4,3,8,8,6,9,9,9,7,5,8,8,6,7,9,9,7,7,9,8,7,8,6,8,3,5,9,2,6,6,9,9,7,8,8,7,9,9,7,8,8,9
10/8/2021 22:54,10/8/2021 23:15,Strongly Agree,9,8,Under 6 months,,,LinkedIn Learning,,,,7,8,8,Yes,I am a superviser and I am hiring many employees,"Yes. Certification, license, or other non-degree credentials are required by law.","1,001-5,000",Manufacturing,,TRUE,Louisiana,Female,"75,000-99,999",35-44,Obtained Undergraduate Degree,White or Caucasian,4.09,"73,67,69,77,46",8,9,9,7,7,"Spiritual or Theistic, No Specific Religion",8,Moderate negative impact,Moderate degree,Large degree,5,5,7,8,7,6,7,6,7,7,7,6,7,6,7,6,7,7,7,7,6,7,6,7,6,6,7,6,7,6,7,6,7,6,7,6,6,6,7,6,6,7,6,6,6,7,6,7,6,5,6,6,7,6,6,7,6,6,7,6,7,6
10/8/2021 22:53,10/8/2021 23:12,Strongly Agree,5,9,Under a year,Coursera,,,,,Udemy,8,3,6,No,n/a.,Not Applicable,10-Jan,Information Technology,,FALSE,Texas,Male,"50,000-74,999",45-54,Obtained Undergraduate Degree,White or Caucasian,4.09,"81,83,35,60,48",Strongly Disagree,4,8,3,1,Agnostic or Atheist,2,Slight negative impact,No increase (or a decrease),No increase (or a decrease),7,7,7,8,8,8,7,8,9,9,4,5,6,5,7,8,5,4,8,6,5,4,6,6,5,3,8,6,4,4,8,5,5,3,8,7,5,4,9,8,5,6,Very Much,4,4,7,4,7,4,3,8,8,8,6,9,6,7,8,9,5,8,9
10/8/2021 22:53,10/8/2021 23:04,9,8,7,Under a month,Coursera,edX,,,,,9,7,8,Yes,marketing,"Yes. Certification, license, or other non-degree credentials are required by law.","501-1,000","Finance, Investment, or Accounting",,TRUE,Illinois,Female,"50,000-74,999",35-44,Some Graduate School,Black or African American,2.9,"75,65,60,65,85",8,8,8,9,8,Conservative or Evangelical Christian,8,Moderate negative impact,Moderate degree,Moderate degree,3,2,3,Strongly Agree,Strongly Agree,3,2,3,9,9,7,7,8,8,5,7,7,7,8,7,8,7,8,8,8,8,8,8,7,7,7,9,7,7,7,7,8,7,6,6,6,7,8,8,7,7,7,8,5,6,6,7,7,7,8,8,9,9,8,9,8,9
10/8/2021 21:48,10/8/2021 22:06,7,9,4,More than a year,Coursera,,LinkedIn Learning,Pluralsight,,Udemy,7,5,4,No,N/a,Not Applicable,Nov-50,Information Technology,,TRUE,Nevada,Male,"50,000-74,999",25-34,Obtained Undergraduate Degree,White or Caucasian,1.8,"46,31,4,40,90",5,3,3,7,3,Agnostic or Atheist,3,Large negative impact,Moderate degree,Slight degree,4,7,5,7,3,5,5,7,6,4,8,6,6,5,8,5,6,4,5,6,4,3,8,6,6,4,8,7,6,4,7,7,6,6,9,7,5,4,9,5,5,3,3,6,5,8,8,4,5,2,9,5,5,7,9,7,4,9,8,3,5,6
10/8/2021 21:47,10/8/2021 22:03,9,7,9,More than a year,,,LinkedIn Learning,,,Udemy,7,6,8,No,n/a,Not Applicable,"5,001-10,000",Information Technology,telecommunications,FALSE,Florida,Female,"75,000-99,999",45-54,Some College,White or Caucasian,4.5,"92,94,77,96,04",8,8,9,3,9,Other Christian,8,No negative impact (or a positive impact),Large degree,Large degree,5,7,5,6,6,8,5,7,6,6,2,2,2,2,5,6,5,5,8,8,8,7,8,7,8,7,7,8,7,7,8,7,7,7,8,7,6,7,6,6,6,7,7,6,6,7,7,5,6,7,6,7,8,6,6,8,7,7,6,7,6,7
10/8/2021 21:48,10/8/2021 22:01,7,6,8,Under 3 months,,edX,,,,Udemy,7,4,5,No,Project Engineer,"Yes. Certification, license, or other non-degree credentials are not required or expected, but there are some which are common and valued.",201-500,Manufacturing,,TRUE,New York,Male,"25,000-49,999",45-54,Obtained Undergraduate Degree,White or Caucasian,3.4,"81,63,81,46,33",7,8,7,9,6,Other Christian,6,Slight negative impact,Slight degree,Moderate degree,2,5,4,5,3,6,6,9,7,7,8,6,6,6,9,8,8,8,8,8,8,7,9,8,8,6,9,8,9,7,8,6,8,7,9,5,9,7,9,8,8,8,6,5,5,6,9,7,7,7,9,8,8,8,8,5,6,7,8,9,8,8
