,start_date,end_date,hirability,expected_conventionality,favor_online_ed,expected_duration,familiarity_coursera,familiarity_edx,familiarity_linkedinlearning,familiarity_pluralsight,familiarity_udacity,familiarity_udemy,rulebreakers_risky,rulebreakers_culture_value,rulebreakers_mixed_bag,manager_effects,job_title,job_title_credentials,firm_size,industry,other_industry,is_prefer_college_peer,state,gender,income,age,education,ethnicity,grit,ocean,favor_programming_career,favor_seeking_risk,worldview_continuous_pro_innovation,worldview_continuous_pro_regulation,worldview_continuous_pro_foreign,worldview_description,worldview_continuous_activism,covid_impact,covid_remote,covid_fav_online,school_hirability_,school_hirability_1,school_hirability_2,school_hirability_3,school_hirability_4,school_hirability_5,school_hirability_6,school_hirability_7,skill_physical_attractiveness_ideal_job_applicant,skill_physical_attractiveness_typical_employee_at_my_company,skill_physical_attractiveness_recent_college_graduate,skill_physical_attractiveness_ngwac,skill_emotional_intelligence_ideal_job_applicant,skill_emotional_intelligence_typical_employee_at_my_company,skill_emotional_intelligence_recent_college_graduate,skill_emotional_intelligence_ngwac,skill_salary_required_by_an_ideal_job_applicant,skill_salary_required_by_a_typical_employee_at_my_company,skill_salary_required_by_a_recent_college_graduate,skill_salary_required_by_a_ngwac,skill_written_communication_skill_ideal_job_applicant,skill_written_communication_skill_typical_employee_at_my_company,skill_written_communication_skill_recent_college_graduate,skill_written_communication_skill_ngwac,skill_verbal_communication_skill_ideal_job_applicant,skill_verbal_communication_skill_typical_employee_at_my_company,skill_verbal_communication_skill_recent_college_graduate,skill_verbal_communication_skill_ngwac,skill_body_language_communication_skill_ideal_job_applicant,skill_body_language_communication_skill_typical_employee_at_my_company,skill_body_language_communication_skill_recent_college_graduate,skill_body_language_communication_skill_ngwac,skill_technical_job_skills_ideal_job_applicant,skill_technical_job_skills_typical_employee_at_my_company,skill_technical_job_skills_recent_college_graduate,skill_technical_job_skills_ngwac,skill_conscientiousness_ideal_job_applicant,skill_conscientiousness_typical_employee_at_my_company,skill_conscientiousness_recent_college_graduate,skill_conscientiousness_ngwac,skill_break_rules_ideal_job_applicant,skill_break_rules_typical_employee_at_my_company,skill_break_rules_recent_college_graduate,skill_break_rules_ngwac,skill_customer_service_skill_ideal_job_applicant,skill_customer_service_skill_typical_employee_at_my_company,skill_customer_service_skill_recent_college_graduate,skill_customer_service_skill_ngwac,skill_teamwork_ideal_job_applicant,skill_teamwork_typical_employee_at_my_company,skill_teamwork_recent_college_graduate,skill_teamwork_ngwac,skill_commute_ideal_job_applicant,skill_commute_typical_employee_at_my_company,skill_commute_recent_college_graduate,skill_commute_ngwac,skill_work_odd_hours_or_a_strange_schedule_ideal_job_applicant,skill_work_odd_hours_or_a_strange_schedule_typical_employee_at_my_company,skill_work_odd_hours_or_a_strange_schedule_recent_college_graduate,skill_work_odd_hours_or_a_strange_schedule_ngwac,personality_o,personality_c,personality_e,personality_a,personality_n,familiarity_count,is_large_firm_size,is_serious,is_tech,school_unaccredited_hirability,school_self_impressed,school_other_impressed
1,10/9/2021 16:55,10/9/2021 16:58,10,10,10,Under a year,Coursera,edX,LinkedIn Learning,Pluralsight,Udacity,Udemy,7,7,8,No,Na,"Yes. Certification, license, or other non-degree credentials are an industry norm.","1,001-5,000",Information Technology,,1.0,California,Female,"125,000-149,999",35-44,Obtained Undergraduate Degree,White or Caucasian,,,,,,,,,,,,,,,,,,,,,,,,,,,,,,,,,,,,,,,,,,,,,,,,,,,,,,,,,,,,,,,,,,,,,,,,,,,,,,6,True,True,True,,,
2,10/9/2021 15:31,10/9/2021 16:00,8,8,9,Under 3 months,,,,,Udacity,Udemy,8,7,9,Yes,,"Yes. Certification, license, or other non-degree credentials are an industry norm.",51-200,Information Technology,,1.0,Virginia,Male,"75,000-99,999",25-34,Obtained Undergraduate Degree,Hispanic or Latino,3.0,"67,58,50,67,60",8.0,7.0,7.0,9.0,8.0,"Spiritual or Theistic, No Specific Religion",8.0,Moderate negative impact,Slight degree,Moderate degree,3.0,5.0,4.0,3.0,5.0,4.0,5.0,4.0,8.0,8.0,7.0,8.0,9.0,8.0,10.0,8.0,6.0,7.0,7.0,7.0,9.0,8.0,8.0,7.0,9.0,7.0,8.0,7.0,9.0,8.0,9.0,7.0,9.0,8.0,9.0,7.0,8.0,9.0,7.0,7.0,9.0,9.0,8.0,10.0,6.0,8.0,7.0,9.0,8.0,6.0,7.0,7.0,9.0,8.0,7.0,8.0,8.0,9.0,7.0,6.0,67.0,58.0,50.0,67.0,60.0,2,False,True,True,15.0,16.0,16.0
3,10/9/2021 15:39,10/9/2021 15:51,8,6,8,Under a month,,,LinkedIn Learning,Pluralsight,,Udemy,7,8,7,Yes,COMPUTER TECHNICIAN,"Yes. Certification, license, or other non-degree credentials are required by law.",201-500,Information Technology,,1.0,Michigan,Male,"25,000-49,999",25-34,Obtained Undergraduate Degree,White or Caucasian,3.2,"50,46,58,56,54",7.0,8.0,7.0,6.0,8.0,Conservative or Evangelical Christian,5.0,Moderate negative impact,Slight degree,Moderate degree,8.0,7.0,8.0,7.0,8.0,7.0,8.0,7.0,8.0,7.0,6.0,7.0,8.0,6.0,7.0,8.0,7.0,6.0,7.0,8.0,6.0,7.0,8.0,6.0,7.0,7.0,8.0,6.0,7.0,8.0,6.0,7.0,8.0,6.0,7.0,8.0,7.0,6.0,7.0,8.0,6.0,8.0,7.0,8.0,7.0,6.0,7.0,8.0,7.0,6.0,8.0,7.0,6.0,8.0,6.0,7.0,8.0,6.0,8.0,6.0,50.0,46.0,58.0,56.0,54.0,3,False,True,True,30.0,30.0,28.0
4,10/9/2021 15:15,10/9/2021 15:36,9,8,8,Under a month,Coursera,edX,,,Udacity,Udemy,8,9,8,Yes,COMPUTER TECHNICIAN,"Yes. Certification, license, or other non-degree credentials are required by law.","501-1,000",Information Technology,,1.0,Michigan,Male,"50,000-74,999",25-34,Obtained Undergraduate Degree,White or Caucasian,4.2,"62.5,60,62.5,73,62.5",9.0,8.0,8.0,8.0,9.0,Conservative or Evangelical Christian,8.0,Moderate negative impact,Moderate degree,Slight degree,8.0,9.0,6.0,7.0,6.0,7.0,4.0,6.0,7.0,8.0,5.0,6.0,4.0,7.0,5.0,6.0,7.0,8.0,5.0,6.0,7.0,5.0,4.0,7.0,5.0,6.0,8.0,5.0,6.0,7.0,4.0,5.0,6.0,4.0,5.0,6.0,5.0,4.0,6.0,8.0,5.0,7.0,6.0,8.0,6.0,7.0,8.0,6.0,7.0,6.0,7.0,8.0,6.0,7.0,5.0,7.0,6.0,6.0,8.0,5.0,62.5,60.0,62.5,73.0,62.5,4,True,True,True,30.0,23.0,29.0
5,10/9/2021 14:41,10/9/2021 15:35,7,8,7,Under a month,,,,,,Udemy,6,6,6,Yes,Manager,"No. I do not know of any credentials which are common, valued, or legally required in that line of work.","1,001-5,000",Information Technology,,1.0,Ohio,Male,"50,000-74,999",45-54,Some Graduate School,White or Caucasian,3.3,"62.5,56,58,58,52",6.0,7.0,6.0,6.0,5.0,Other Christian,6.0,Moderate negative impact,Moderate degree,Moderate degree,6.0,5.0,6.0,5.0,6.0,5.0,6.0,5.0,6.0,6.0,6.0,6.0,5.0,5.0,5.0,6.0,5.0,6.0,6.0,4.0,5.0,5.0,5.0,6.0,5.0,5.0,5.0,5.0,5.0,6.0,4.0,5.0,6.0,5.0,6.0,4.0,5.0,6.0,5.0,5.0,5.0,6.0,6.0,5.0,5.0,6.0,6.0,5.0,5.0,5.0,6.0,4.0,5.0,6.0,5.0,5.0,5.0,6.0,5.0,6.0,62.5,56.0,58.0,58.0,52.0,1,True,True,True,22.0,22.0,20.0
6,10/9/2021 15:02,10/9/2021 15:24,10,10,10,More than a year,Coursera,,,,Udacity,Udemy,8,4,7,No,,Not Applicable,Nov-50,Law,,0.0,Virginia,Female,"10,000-24,999",45-54,Some College,White or Caucasian,3.2,"69,65,52,69,56",7.0,6.0,8.0,6.0,7.0,Agnostic or Atheist,3.0,Large negative impact,Large degree,No increase (or a decrease),5.0,5.0,3.0,6.0,3.0,5.0,3.0,1.0,8.0,7.0,7.0,8.0,8.0,8.0,8.0,8.0,6.0,7.0,7.0,7.0,10.0,10.0,9.0,8.0,10.0,10.0,9.0,8.0,9.0,8.0,8.0,8.0,10.0,8.0,8.0,8.0,10.0,10.0,9.0,9.0,6.0,6.0,6.0,7.0,10.0,9.0,8.0,7.0,10.0,10.0,9.0,8.0,8.0,8.0,8.0,8.0,10.0,8.0,8.0,8.0,69.0,65.0,52.0,69.0,56.0,3,False,True,False,19.0,13.0,17.0
7,10/9/2021 14:45,10/9/2021 15:20,8,9,7,Under 6 months,Coursera,edX,LinkedIn Learning,,Udacity,Udemy,7,6,7,No,ADMINISTRATION MANAGER,"Yes. Certification, license, or other non-degree credentials are an industry norm.","1,001-5,000",Manufacturing,,1.0,North Carolina,Male,"50,000-74,999",45-54,Obtained Undergraduate Degree,White or Caucasian,4.0,"62.5,71,73,73,29",9.0,10.0,8.0,9.0,8.0,Progressive Christian,8.0,Slight negative impact,Moderate degree,Large degree,6.0,8.0,7.0,9.0,7.0,8.0,8.0,1.0,8.0,9.0,9.0,7.0,8.0,8.0,9.0,7.0,8.0,9.0,7.0,5.0,9.0,9.0,9.0,7.0,10.0,10.0,9.0,7.0,9.0,10.0,9.0,8.0,10.0,10.0,9.0,8.0,7.0,8.0,7.0,6.0,8.0,9.0,7.0,6.0,8.0,8.0,9.0,8.0,8.0,9.0,8.0,9.0,9.0,9.0,9.0,9.0,8.0,9.0,8.0,9.0,62.5,71.0,73.0,73.0,29.0,5,True,True,False,30.0,25.0,26.0
8,10/9/2021 14:56,10/9/2021 15:01,9,10,6,Under 6 months,,edX,LinkedIn Learning,Pluralsight,Udacity,Udemy,9,6,5,Yes,market research,"Yes. Certification, license, or other non-degree credentials are an industry norm.",51-200,"Finance, Investment, or Accounting",,1.0,Ohio,Male,"50,000-74,999",35-44,Some Graduate School,White or Caucasian,,,,,,,,,,,,,,,,,,,,,,,,,,,,,,,,,,,,,,,,,,,,,,,,,,,,,,,,,,,,,,,,,,,,,,,,,,,,,,5,False,True,False,,,
9,10/9/2021 14:43,10/9/2021 14:55,6,2,5,Under a year,Coursera,,,,,,5,6,6,Yes,communications officer,"No. I do not know of any credentials which are common, valued, or legally required in that line of work.","1,001-5,000",Health,,1.0,Maryland,Female,"200,000+",45-54,Obtained Non-Doctoral Graduate Degree,White or Caucasian,3.9,"65,79,56,50,54",5.0,7.0,9.0,9.0,9.0,Agnostic or Atheist,2.0,Moderate negative impact,Large degree,Slight degree,9.0,6.0,8.0,4.0,8.0,3.0,7.0,2.0,7.0,7.0,7.0,7.0,7.0,7.0,7.0,7.0,7.0,7.0,6.0,5.0,8.0,7.0,6.0,4.0,8.0,7.0,4.0,3.0,8.0,7.0,5.0,4.0,8.0,7.0,5.0,4.0,8.0,7.0,6.0,5.0,5.0,5.0,5.0,5.0,7.0,6.0,5.0,4.0,8.0,7.0,6.0,5.0,7.0,7.0,7.0,7.0,7.0,6.0,6.0,6.0,65.0,79.0,56.0,50.0,54.0,1,True,True,False,27.0,21.0,15.0
10,10/9/2021 14:22,10/9/2021 14:44,5,8,9,Under 6 months,Coursera,,,,Udacity,Udemy,2,8,5,No,Computer Technician,"Yes. Certification, license, or other non-degree credentials are an industry norm.",10-Jan,Information Technology,,0.0,Tennessee,Male,"75,000-99,999",45-54,Some College,White or Caucasian,4.3,"62,92,46,83,4",5.0,2.0,9.0,7.0,8.0,"Religious, Not Christian",2.0,Slight negative impact,Moderate degree,Large degree,9.0,6.0,8.0,3.0,5.0,2.0,4.0,10.0,3.0,3.0,2.0,2.0,9.0,10.0,8.0,9.0,6.0,6.0,5.0,4.0,9.0,9.0,10.0,10.0,8.0,9.0,8.0,8.0,7.0,9.0,7.0,6.0,10.0,10.0,10.0,10.0,10.0,9.0,9.0,10.0,3.0,5.0,3.0,3.0,8.0,8.0,5.0,5.0,10.0,8.0,9.0,9.0,5.0,3.0,5.0,5.0,8.0,4.0,9.0,9.0,62.0,92.0,46.0,83.0,4.0,3,False,True,True,26.0,25.0,21.0
11,10/9/2021 13:58,10/9/2021 14:29,9,8,9,Under a month,Coursera,,LinkedIn Learning,,Udacity,,7,8,9,No,,"No. I do not know of any credentials which are common, valued, or legally required in that line of work.",201-500,Information Technology,,1.0,Florida,Female,"25,000-49,999",45-54,Obtained Undergraduate Degree,White or Caucasian,2.9,"62.5,62.5,67,56,46",9.0,10.0,7.0,9.0,8.0,Other Christian,5.0,Moderate negative impact,Slight degree,Moderate degree,3.0,6.0,5.0,3.0,5.0,4.0,3.0,5.0,7.0,8.0,8.0,6.0,8.0,5.0,7.0,8.0,7.0,8.0,9.0,7.0,8.0,6.0,6.0,8.0,8.0,9.0,7.0,5.0,8.0,7.0,6.0,7.0,8.0,7.0,8.0,7.0,10.0,8.0,5.0,8.0,7.0,7.0,8.0,7.0,7.0,5.0,8.0,8.0,7.0,7.0,8.0,7.0,6.0,8.0,7.0,7.0,6.0,8.0,8.0,7.0,62.5,62.5,67.0,56.0,46.0,3,False,True,True,17.0,16.0,18.0
12,10/9/2021 13:58,10/9/2021 14:06,10,10,10,More than a year,Coursera,,,,,,9,8,10,No,IT support,"Yes. Certification, license, or other non-degree credentials are an industry norm.",Nov-50,Information Technology,,1.0,Florida,Male,"25,000-49,999",25-34,Obtained Undergraduate Degree,Asian or Asian American,3.3,"37.5,48,48,27,40",9.0,8.0,10.0,8.0,9.0,Agnostic or Atheist,9.0,Large negative impact,Large degree,Moderate degree,9.0,6.0,5.0,3.0,4.0,3.0,3.0,10.0,9.0,8.0,7.0,9.0,10.0,8.0,8.0,10.0,8.0,8.0,9.0,10.0,8.0,8.0,8.0,9.0,10.0,9.0,8.0,8.0,9.0,10.0,10.0,9.0,8.0,9.0,9.0,8.0,8.0,9.0,9.0,10.0,10.0,8.0,9.0,9.0,9.0,10.0,8.0,8.0,9.0,9.0,8.0,8.0,9.0,10.0,9.0,9.0,9.0,8.0,9.0,8.0,37.5,48.0,48.0,27.0,40.0,1,False,True,True,23.0,21.0,22.0
13,10/9/2021 13:12,10/9/2021 14:01,8,7,6,Under 3 months,Coursera,,,,,,8,7,8,Yes,software developer,"Yes. Certification, license, or other non-degree credentials are an industry norm.","501-1,000",Information Technology,,1.0,Washington,Female,"75,000-99,999",25-34,Some College,Asian or Asian American,2.5,"67,56,60,62.5,52",6.0,8.0,8.0,7.0,8.0,Conservative or Evangelical Christian,7.0,Slight negative impact,Moderate degree,Slight degree,7.0,7.0,6.0,7.0,6.0,6.0,7.0,6.0,8.0,7.0,8.0,7.0,8.0,6.0,7.0,5.0,8.0,8.0,9.0,7.0,8.0,8.0,7.0,8.0,7.0,8.0,7.0,8.0,7.0,8.0,6.0,8.0,7.0,8.0,7.0,8.0,7.0,8.0,8.0,6.0,7.0,7.0,8.0,7.0,8.0,8.0,7.0,7.0,8.0,8.0,7.0,8.0,7.0,8.0,8.0,7.0,8.0,7.0,8.0,7.0,67.0,56.0,60.0,62.5,52.0,1,True,True,True,27.0,26.0,26.0
14,10/9/2021 13:37,10/9/2021 13:58,8,6,7,Under 3 months,,,LinkedIn Learning,,,,7,8,7,No,,"Yes. Certification, license, or other non-degree credentials are required by law.","501-1,000",Manufacturing,,1.0,Michigan,Female,"50,000-74,999",25-34,Obtained Undergraduate Degree,White or Caucasian,3.8,,9.0,7.0,7.0,8.0,7.0,Conservative or Evangelical Christian,6.0,Slight negative impact,Moderate degree,Large degree,7.0,3.0,8.0,7.0,5.0,5.0,7.0,8.0,8.0,9.0,7.0,8.0,6.0,7.0,8.0,7.0,8.0,7.0,8.0,6.0,9.0,7.0,8.0,9.0,7.0,8.0,7.0,8.0,7.0,8.0,7.0,8.0,7.0,8.0,9.0,8.0,6.0,7.0,8.0,7.0,8.0,6.0,7.0,8.0,7.0,6.0,7.0,8.0,7.0,8.0,9.0,8.0,8.0,7.0,8.0,7.0,8.0,7.0,8.0,8.0,,,,,,1,True,True,False,25.0,30.0,23.0
15,10/9/2021 13:41,10/9/2021 13:56,7,8,6,Under 3 months,Coursera,,LinkedIn Learning,,,,7,9,8,Yes,,"Yes. Certification, license, or other non-degree credentials are an industry norm.",51-200,Information Technology,,1.0,Virginia,Male,"75,000-99,999",25-34,Obtained Undergraduate Degree,Hispanic or Latino,3.5,"58,62.5,48,65,65",7.0,9.0,8.0,7.0,9.0,"Spiritual or Theistic, No Specific Religion",8.0,Moderate negative impact,Slight degree,Moderate degree,8.0,9.0,2.0,3.0,4.0,2.0,5.0,3.0,8.0,7.0,9.0,5.0,9.0,8.0,8.0,10.0,8.0,9.0,7.0,8.0,8.0,6.0,9.0,8.0,10.0,9.0,7.0,9.0,8.0,9.0,7.0,10.0,9.0,9.0,7.0,8.0,7.0,8.0,7.0,6.0,7.0,9.0,5.0,7.0,4.0,9.0,8.0,8.0,6.0,8.0,9.0,7.0,8.0,8.0,7.0,8.0,6.0,9.0,8.0,7.0,58.0,62.5,48.0,65.0,65.0,2,False,True,True,22.0,13.0,17.0
16,10/9/2021 13:19,10/9/2021 13:51,8,7,7,Under 3 months,,,LinkedIn Learning,,,,8,7,6,Yes,Manager,"Yes. Certification, license, or other non-degree credentials are required by law.","501-1,000",Manufacturing,,1.0,Michigan,Male,"50,000-74,999",25-34,Obtained Undergraduate Degree,White or Caucasian,3.0,,8.0,9.0,7.0,8.0,7.0,Conservative or Evangelical Christian,8.0,Slight negative impact,Moderate degree,Moderate degree,8.0,7.0,6.0,9.0,4.0,7.0,5.0,7.0,8.0,7.0,8.0,6.0,8.0,7.0,8.0,7.0,8.0,9.0,7.0,7.0,6.0,8.0,8.0,9.0,7.0,8.0,7.0,5.0,7.0,6.0,8.0,6.0,8.0,9.0,7.0,8.0,7.0,6.0,8.0,5.0,6.0,7.0,6.0,7.0,8.0,7.0,6.0,8.0,7.0,8.0,6.0,7.0,6.0,7.0,6.0,7.0,6.0,8.0,7.0,7.0,,,,,,1,True,True,False,30.0,27.0,30.0
17,10/9/2021 12:40,10/9/2021 13:46,7,9,6,More than a year,Coursera,,LinkedIn Learning,Pluralsight,Udacity,Udemy,8,6,8,Yes,software developer,"Yes. Certification, license, or other non-degree credentials are required by law.","1,001-5,000",Information Technology,,1.0,Virginia,Male,"175,000-199,999",25-34,Obtained Undergraduate Degree,Asian or Asian American,3.3,"60,60,67,69,67",8.0,5.0,8.0,5.0,8.0,Conservative or Evangelical Christian,5.0,Large negative impact,Moderate degree,Moderate degree,8.0,3.0,10.0,3.0,6.0,5.0,2.0,6.0,7.0,10.0,8.0,6.0,5.0,8.0,10.0,6.0,5.0,8.0,7.0,4.0,8.0,6.0,4.0,8.0,9.0,6.0,5.0,8.0,5.0,10.0,7.0,6.0,3.0,9.0,7.0,4.0,10.0,8.0,6.0,8.0,9.0,5.0,8.0,4.0,8.0,10.0,7.0,5.0,9.0,9.0,6.0,4.0,9.0,10.0,7.0,4.0,8.0,9.0,4.0,8.0,60.0,60.0,67.0,69.0,67.0,5,True,True,True,24.0,21.0,17.0
18,10/9/2021 13:31,10/9/2021 13:43,6,6,7,Under 6 months,Coursera,edX,,,,,6,7,8,Yes,manager,"Yes. Certification, license, or other non-degree credentials are an industry norm.",51-200,"Finance, Investment, or Accounting",,1.0,New York,Male,"75,000-99,999",25-34,Obtained Non-Doctoral Graduate Degree,White or Caucasian,3.0,"52,60,52,60,60",6.0,7.0,6.0,8.0,7.0,Progressive Christian,6.0,Slight negative impact,Slight degree,Slight degree,7.0,6.0,6.0,7.0,7.0,7.0,7.0,7.0,6.0,7.0,7.0,7.0,7.0,7.0,8.0,8.0,7.0,7.0,7.0,6.0,8.0,8.0,7.0,7.0,7.0,7.0,7.0,7.0,8.0,8.0,7.0,7.0,7.0,7.0,8.0,6.0,7.0,8.0,7.0,8.0,7.0,8.0,8.0,8.0,8.0,7.0,7.0,8.0,7.0,7.0,7.0,8.0,8.0,8.0,8.0,9.0,8.0,7.0,6.0,7.0,52.0,60.0,52.0,60.0,60.0,2,False,True,False,26.0,27.0,27.0
19,10/9/2021 13:26,10/9/2021 13:40,7,9,10,Under 3 months,Coursera,,,,,,7,6,8,Yes,,"Yes. Certification, license, or other non-degree credentials are an industry norm.",51-200,Health,,1.0,California,Female,"25,000-49,999",25-34,Some College,White or Caucasian,2.7,"48,69,62.5,60,67",7.0,9.0,6.0,8.0,6.0,Progressive Christian,7.0,Slight negative impact,Moderate degree,Slight degree,5.0,7.0,8.0,5.0,9.0,9.0,6.0,8.0,4.0,7.0,7.0,5.0,8.0,4.0,7.0,8.0,4.0,8.0,4.0,6.0,8.0,5.0,8.0,4.0,7.0,6.0,8.0,5.0,8.0,9.0,5.0,9.0,6.0,9.0,5.0,9.0,5.0,8.0,8.0,8.0,5.0,7.0,7.0,8.0,6.0,7.0,7.0,7.0,8.0,7.0,6.0,8.0,7.0,8.0,6.0,8.0,6.0,8.0,9.0,6.0,48.0,69.0,62.5,60.0,67.0,1,False,True,False,25.0,27.0,29.0
20,10/9/2021 13:14,10/9/2021 13:27,9,10,10,Under a year,Coursera,,,,,,10,9,9,Yes,sales,"Yes. Certification, license, or other non-degree credentials are required by law.","1,001-5,000",Real Estate,,1.0,Texas,Male,"75,000-99,999",35-44,Some College,Black or African American,3.24,,9.0,9.0,9.0,9.0,9.0,Agnostic or Atheist,9.0,Large negative impact,Moderate degree,Moderate degree,9.0,2.0,10.0,2.0,10.0,10.0,10.0,2.0,9.0,10.0,10.0,9.0,9.0,9.0,9.0,9.0,9.0,9.0,9.0,10.0,10.0,10.0,9.0,9.0,9.0,9.0,10.0,10.0,10.0,10.0,9.0,9.0,9.0,9.0,9.0,9.0,8.0,9.0,9.0,9.0,9.0,8.0,9.0,9.0,9.0,10.0,10.0,9.0,9.0,9.0,9.0,9.0,9.0,9.0,10.0,10.0,10.0,10.0,10.0,9.0,,,,,,1,True,True,False,23.0,24.0,16.0
21,10/9/2021 12:33,10/9/2021 13:20,9,7,9,Under 6 months,,edX,LinkedIn Learning,,,Udemy,7,5,5,No,,"Yes. Certification, license, or other non-degree credentials are an industry norm.",201-500,Information Technology,,1.0,Florida,Male,"50,000-74,999",35-44,Obtained Undergraduate Degree,White or Caucasian,4.0,"65,54,56,65,64",9.0,7.0,8.0,6.0,5.0,Other Christian,5.0,Slight negative impact,Slight degree,Moderate degree,5.0,3.0,6.0,5.0,4.0,5.0,7.0,6.0,5.0,4.0,6.0,7.0,8.0,5.0,6.0,5.0,7.0,5.0,6.0,4.0,6.0,7.0,5.0,7.0,5.0,6.0,5.0,6.0,5.0,7.0,6.0,7.0,5.0,7.0,8.0,5.0,7.0,5.0,4.0,6.0,7.0,6.0,7.0,6.0,6.0,7.0,5.0,7.0,5.0,7.0,5.0,7.0,6.0,8.0,5.0,5.0,7.0,6.0,5.0,4.0,65.0,54.0,56.0,65.0,64.0,3,False,True,True,19.0,24.0,19.0
22,10/9/2021 12:50,10/9/2021 13:20,8,7,9,Under a year,Coursera,,LinkedIn Learning,,,Udemy,9,3,3,No,Team Leader,"Yes. Certification, license, or other non-degree credentials are not required or expected, but there are some which are common and valued.",Nov-50,"Finance, Investment, or Accounting",,0.0,Texas,Female,"10,000-24,999",25-34,Obtained Undergraduate Degree,White or Caucasian,4.7,"92,92,92,83,8",9.0,9.0,9.0,9.0,7.0,Other Christian,8.0,Slight negative impact,Large degree,Large degree,2.0,4.0,5.0,7.0,5.0,5.0,6.0,9.0,7.0,7.0,7.0,7.0,9.0,9.0,6.0,4.0,9.0,9.0,5.0,5.0,9.0,9.0,8.0,8.0,9.0,9.0,6.0,6.0,9.0,9.0,6.0,6.0,9.0,9.0,6.0,5.0,9.0,8.0,4.0,4.0,3.0,2.0,7.0,6.0,9.0,9.0,3.0,3.0,10.0,10.0,6.0,6.0,8.0,8.0,8.0,8.0,9.0,9.0,5.0,5.0,92.0,92.0,92.0,83.0,8.0,3,False,True,False,18.0,27.0,25.0
23,10/9/2021 13:01,10/9/2021 13:18,8,7,8,Under a year,Coursera,,,,Udacity,Udemy,8,6,8,No,,Not Applicable,"501-1,000",Manufacturing,,1.0,Washington,Male,"25,000-49,999",25-34,Obtained Undergraduate Degree,White or Caucasian,3.6,"71,79,62.5,71,40",7.0,4.0,7.0,6.0,5.0,Conservative or Evangelical Christian,8.0,Large negative impact,Moderate degree,No increase (or a decrease),8.0,6.0,7.0,8.0,7.0,8.0,9.0,7.0,2.0,3.0,3.0,2.0,7.0,8.0,7.0,8.0,9.0,9.0,8.0,9.0,10.0,10.0,9.0,8.0,9.0,7.0,8.0,9.0,8.0,9.0,5.0,6.0,8.0,8.0,7.0,8.0,10.0,9.0,9.0,8.0,9.0,9.0,10.0,9.0,8.0,9.0,7.0,8.0,8.0,9.0,9.0,8.0,7.0,8.0,8.0,9.0,8.0,9.0,10.0,10.0,71.0,79.0,62.5,71.0,40.0,3,True,True,False,29.0,31.0,29.0
25,10/9/2021 12:59,10/9/2021 13:13,10,8,8,Under a year,Coursera,,,,,Udemy,4,7,10,No,Team Leader,"No. I do not know of any credentials which are common, valued, or legally required in that line of work.",10-Jan,Information Technology,,0.0,Pennsylvania,Female,"100,000-124,999",35-44,High School Diploma,White or Caucasian,3.9,"77,71,10,71,91",8.0,3.0,9.0,10.0,6.0,Other Christian,2.0,Slight negative impact,Large degree,Moderate degree,8.0,4.0,8.0,10.0,1.0,3.0,6.0,10.0,1.0,1.0,1.0,1.0,6.0,8.0,6.0,6.0,10.0,10.0,10.0,10.0,9.0,10.0,8.0,8.0,10.0,10.0,10.0,10.0,5.0,4.0,5.0,5.0,10.0,10.0,10.0,10.0,8.0,9.0,9.0,9.0,3.0,2.0,2.0,4.0,6.0,5.0,5.0,5.0,10.0,10.0,10.0,10.0,3.0,1.0,2.0,3.0,6.0,9.0,6.0,6.0,77.0,71.0,10.0,71.0,91.0,2,False,True,True,30.0,34.0,27.0
26,10/9/2021 12:33,10/9/2021 13:12,7,8,8,Under 6 months,,,LinkedIn Learning,,,,5,8,6,Yes,supervisor,"Yes. Certification, license, or other non-degree credentials are not required or expected, but there are some which are common and valued.",201-500,Manufacturing,,0.0,Florida,Female,"50,000-74,999",35-44,Obtained Undergraduate Degree,White or Caucasian,3.1,"73,60,62.5,58,60",9.0,8.0,8.0,7.0,7.0,Other Christian,8.0,Moderate negative impact,Moderate degree,Large degree,5.0,5.0,6.0,6.0,5.0,6.0,6.0,6.0,8.0,8.0,9.0,4.0,9.0,8.0,8.0,4.0,8.0,8.0,8.0,7.0,8.0,6.0,5.0,5.0,7.0,7.0,5.0,6.0,8.0,8.0,8.0,7.0,7.0,6.0,7.0,6.0,9.0,9.0,9.0,6.0,8.0,9.0,8.0,8.0,8.0,8.0,8.0,6.0,9.0,7.0,7.0,7.0,8.0,7.0,8.0,5.0,6.0,7.0,8.0,7.0,73.0,60.0,62.5,58.0,60.0,1,False,True,False,22.0,24.0,23.0
28,10/9/2021 12:31,10/9/2021 12:50,8,7,8,Under a year,,edX,LinkedIn Learning,,Udacity,,8,9,8,Yes,"Recruiters and hiring managers usually ask potential hires about how well they work as a team and what type of work environment they prefer. Hiring managers should look for self-assured, confident employees who take credit for their work while also recognizing the efforts of the whole team involved","Yes. Certification, license, or other non-degree credentials are an industry norm.",201-500,"Finance, Investment, or Accounting",,1.0,Virginia,Female,"50,000-74,999",25-34,Obtained Undergraduate Degree,White or Caucasian,3.3,"65,50,67,54,55",9.0,9.0,7.0,9.0,8.0,Progressive Christian,9.0,Moderate negative impact,Slight degree,Slight degree,6.0,8.0,7.0,8.0,5.0,6.0,5.0,9.0,9.0,8.0,8.0,8.0,8.0,8.0,8.0,7.0,7.0,8.0,8.0,7.0,8.0,8.0,8.0,7.0,8.0,7.0,8.0,7.0,7.0,8.0,7.0,8.0,7.0,8.0,7.0,8.0,7.0,7.0,6.0,7.0,6.0,8.0,7.0,7.0,6.0,8.0,7.0,8.0,7.0,8.0,9.0,7.0,8.0,7.0,8.0,7.0,8.0,9.0,7.0,8.0,65.0,50.0,67.0,54.0,55.0,3,False,True,False,29.0,29.0,31.0
29,10/9/2021 12:23,10/9/2021 12:46,6,7,7,Under a year,,edX,,Pluralsight,Udacity,,7,6,7,Yes,manager,"Yes. Certification, license, or other non-degree credentials are an industry norm.",201-500,"Finance, Investment, or Accounting",,1.0,New York,Male,"75,000-99,999",25-34,Obtained Non-Doctoral Graduate Degree,White or Caucasian,3.0,"54,56,52,65,69",6.0,6.0,6.0,7.0,6.0,Progressive Christian,6.0,Slight negative impact,Slight degree,Slight degree,6.0,6.0,6.0,7.0,7.0,7.0,8.0,6.0,6.0,7.0,8.0,8.0,8.0,9.0,9.0,9.0,9.0,9.0,9.0,9.0,9.0,9.0,10.0,8.0,8.0,8.0,8.0,7.0,7.0,8.0,7.0,7.0,7.0,8.0,7.0,7.0,7.0,7.0,8.0,8.0,8.0,7.0,7.0,7.0,8.0,7.0,7.0,8.0,7.0,8.0,8.0,7.0,7.0,7.0,7.0,8.0,7.0,8.0,8.0,7.0,54.0,56.0,52.0,65.0,69.0,3,False,True,False,25.0,27.0,26.0
31,10/9/2021 12:07,10/9/2021 12:35,9,8,10,Under a year,,,LinkedIn Learning,,Udacity,Udemy,6,10,8,No,Operational staff,"Yes. Certification, license, or other non-degree credentials are an industry norm.",51-200,Manufacturing,,0.0,Pennsylvania,Male,"25,000-49,999",25-34,Obtained Undergraduate Degree,White or Caucasian,4.2,"65,79,58,62.5,33",9.0,7.0,9.0,7.0,6.0,Other Christian,9.0,Moderate negative impact,Large degree,Large degree,7.0,8.0,8.0,9.0,9.0,1.0,9.0,1.0,9.0,10.0,7.0,6.0,8.0,9.0,8.0,7.0,6.0,9.0,7.0,6.0,7.0,10.0,7.0,6.0,8.0,10.0,7.0,7.0,9.0,10.0,9.0,8.0,6.0,10.0,8.0,8.0,8.0,10.0,8.0,8.0,8.0,9.0,10.0,9.0,7.0,10.0,8.0,8.0,7.0,10.0,8.0,8.0,10.0,9.0,10.0,10.0,10.0,9.0,10.0,9.0,65.0,79.0,58.0,62.5,33.0,3,False,True,False,32.0,27.0,19.0
32,10/9/2021 12:14,10/9/2021 12:28,6,7,6,Under a month,Coursera,edX,,Pluralsight,,Udemy,5,7,6,No,Data Analyst,"Yes. Certification, license, or other non-degree credentials are not required or expected, but there are some which are common and valued.",51-200,Information Technology,,1.0,New York,Female,"25,000-49,999",25-34,Obtained Undergraduate Degree,White or Caucasian,4.8,"83,92,87.5,75,29",6.0,7.0,7.0,8.0,6.0,Other Christian,7.0,No negative impact (or a positive impact),No increase (or a decrease),No increase (or a decrease),3.0,4.0,3.0,4.0,5.0,4.0,2.0,4.0,7.0,6.0,6.0,7.0,7.0,8.0,5.0,6.0,6.0,7.0,5.0,6.0,6.0,5.0,7.0,6.0,7.0,3.0,6.0,5.0,6.0,5.0,7.0,7.0,5.0,5.0,6.0,6.0,5.0,5.0,6.0,7.0,6.0,6.0,5.0,6.0,6.0,7.0,5.0,6.0,5.0,6.0,6.0,7.0,6.0,5.0,6.0,4.0,5.0,6.0,6.0,7.0,83.0,92.0,87.5,75.0,29.0,4,False,True,True,14.0,13.0,16.0
35,10/9/2021 11:00,10/9/2021 12:13,8,3,6,Under a year,,,,,,,7,1,4,No,crowdsource worker,"Yes. Certification, license, or other non-degree credentials are not required or expected, but there are some which are common and valued.",10-Jan,Information Technology,crowdsourcing,0.0,Virginia,Female,"10,000-24,999",25-34,Obtained Undergraduate Degree,Asian or Asian American,3.1,"71,52,6,44,15",3.0,1.0,7.0,8.0,8.0,Agnostic or Atheist,1.0,Slight negative impact,Slight degree,No increase (or a decrease),9.0,7.0,9.0,5.0,5.0,10.0,2.0,10.0,6.0,5.0,5.0,5.0,8.0,5.0,5.0,5.0,5.0,4.0,5.0,4.0,8.0,5.0,5.0,5.0,8.0,5.0,5.0,5.0,8.0,4.0,4.0,4.0,8.0,5.0,5.0,5.0,8.0,5.0,4.0,4.0,1.0,2.0,2.0,2.0,8.0,5.0,5.0,5.0,8.0,5.0,5.0,5.0,8.0,3.0,4.0,4.0,8.0,3.0,4.0,4.0,71.0,52.0,6.0,44.0,15.0,0,False,True,True,30.0,26.0,32.0
36,10/9/2021 12:01,10/9/2021 12:12,10,10,9,Under a year,Coursera,,,,,,9,9,9,Yes,sales,"Yes. Certification, license, or other non-degree credentials are required by law.","5,001-10,000",Retail,,1.0,Florida,Male,"75,000-99,999",25-34,Some College,Black or African American,3.24,,9.0,9.0,10.0,10.0,10.0,Agnostic or Atheist,10.0,Large negative impact,Moderate degree,Moderate degree,10.0,10.0,2.0,10.0,10.0,2.0,10.0,10.0,10.0,10.0,10.0,10.0,10.0,10.0,10.0,9.0,9.0,10.0,10.0,10.0,10.0,10.0,10.0,9.0,9.0,9.0,9.0,9.0,9.0,10.0,10.0,10.0,9.0,9.0,9.0,10.0,10.0,8.0,8.0,9.0,9.0,10.0,10.0,10.0,9.0,9.0,9.0,10.0,6.0,9.0,9.0,10.0,9.0,9.0,9.0,10.0,10.0,9.0,10.0,9.0,,,,,,1,True,True,False,32.0,32.0,32.0
37,10/9/2021 11:52,10/9/2021 12:04,9,8,9,Under 6 months,Coursera,,,Pluralsight,,,8,3,7,Yes,IT,"Yes. Certification, license, or other non-degree credentials are an industry norm.","10,000+",Information Technology,,1.0,Texas,Male,"75,000-99,999",25-34,Obtained Undergraduate Degree,White or Caucasian,3.2,"42,52,54,46,48",8.0,8.0,8.0,7.0,7.0,Other Christian,7.0,Moderate negative impact,Slight degree,Moderate degree,7.0,7.0,7.0,7.0,7.0,6.0,7.0,7.0,7.0,8.0,6.0,7.0,6.0,8.0,6.0,7.0,6.0,7.0,6.0,6.0,8.0,7.0,7.0,6.0,7.0,6.0,8.0,6.0,7.0,6.0,8.0,6.0,8.0,7.0,8.0,7.0,8.0,9.0,9.0,8.0,8.0,9.0,7.0,8.0,7.0,8.0,7.0,9.0,7.0,9.0,7.0,9.0,8.0,9.0,8.0,9.0,9.0,8.0,9.0,7.0,42.0,52.0,54.0,46.0,48.0,2,True,True,True,28.0,28.0,27.0
38,10/9/2021 11:45,10/9/2021 12:03,8,8,9,Under a month,,,,,Udacity,Udemy,8,9,8,No,,"Yes. Certification, license, or other non-degree credentials are an industry norm.",51-200,"Finance, Investment, or Accounting",,1.0,New York,Male,"75,000-99,999",25-34,Obtained a Non-PhD Doctoral Degree,White or Caucasian,2.9,"65,54,52,65,60",8.0,8.0,8.0,8.0,6.0,Conservative or Evangelical Christian,8.0,Moderate negative impact,Moderate degree,Moderate degree,7.0,6.0,6.0,6.0,7.0,7.0,7.0,7.0,5.0,7.0,7.0,6.0,8.0,6.0,7.0,7.0,6.0,7.0,6.0,7.0,8.0,7.0,8.0,8.0,7.0,8.0,7.0,8.0,7.0,8.0,7.0,8.0,7.0,8.0,7.0,8.0,9.0,6.0,7.0,8.0,6.0,7.0,8.0,6.0,8.0,7.0,7.0,8.0,7.0,7.0,8.0,6.0,7.0,6.0,7.0,8.0,7.0,8.0,8.0,8.0,65.0,54.0,52.0,65.0,60.0,2,False,True,False,25.0,26.0,26.0
39,10/9/2021 11:31,10/9/2021 11:57,9,7,8,Under 3 months,,,LinkedIn Learning,,,,9,8,9,Yes,Software Developer ,"Yes. Certification, license, or other non-degree credentials are an industry norm.","501-1,000",Information Technology,,1.0,California,Male,"50,000-74,999",25-34,Some College,Asian or Asian American,2.29,"73,50,67,77,56",9.0,7.0,9.0,7.0,9.0,Conservative or Evangelical Christian,9.0,Slight negative impact,Moderate degree,Moderate degree,3.0,4.0,2.0,4.0,4.0,5.0,3.0,4.0,9.0,7.0,8.0,9.0,9.0,10.0,8.0,9.0,10.0,8.0,7.0,9.0,7.0,8.0,9.0,10.0,8.0,7.0,9.0,8.0,7.0,9.0,10.0,7.0,8.0,7.0,9.0,7.0,7.0,8.0,9.0,7.0,7.0,7.0,9.0,8.0,8.0,9.0,8.0,9.0,8.0,7.0,8.0,9.0,8.0,7.0,8.0,9.0,8.0,8.0,7.0,8.0,73.0,50.0,67.0,77.0,56.0,1,True,True,True,13.0,13.0,17.0
40,10/9/2021 11:37,10/9/2021 11:56,8,4,6,Under a year,Coursera,,LinkedIn Learning,,,Udemy,8,3,3,Yes,analyst,"Yes. Certification, license, or other non-degree credentials are an industry norm.","1,001-5,000",Military,,0.0,Texas,Male,"150,000-174,999",35-44,Obtained Non-Doctoral Graduate Degree,White or Caucasian,4.59,"46,81,69,44,21",4.0,6.0,8.0,1.0,6.0,Conservative or Evangelical Christian,4.0,Slight negative impact,Moderate degree,Moderate degree,2.0,5.0,4.0,6.0,5.0,7.0,6.0,8.0,3.0,3.0,3.0,3.0,4.0,4.0,4.0,4.0,6.0,6.0,6.0,6.0,8.0,8.0,8.0,8.0,8.0,8.0,8.0,8.0,8.0,8.0,8.0,8.0,10.0,10.0,10.0,10.0,10.0,10.0,10.0,10.0,5.0,5.0,5.0,5.0,7.0,7.0,7.0,7.0,7.0,7.0,7.0,7.0,7.0,7.0,7.0,7.0,5.0,5.0,5.0,5.0,46.0,81.0,69.0,44.0,21.0,3,True,True,False,17.0,24.0,26.0
41,10/9/2021 11:35,10/9/2021 11:55,7,7,7,Under 3 months,,,,Pluralsight,Udacity,,7,7,8,Yes,manager,"Yes. Certification, license, or other non-degree credentials are an industry norm.",51-200,"Finance, Investment, or Accounting",,1.0,New York,Male,"75,000-99,999",25-34,Some College,White or Caucasian,4.0,,6.0,7.0,8.0,8.0,7.0,"Religious, Not Christian",7.0,No negative impact (or a positive impact),Slight degree,Slight degree,6.0,6.0,6.0,6.0,7.0,6.0,6.0,6.0,6.0,8.0,5.0,6.0,7.0,8.0,8.0,6.0,5.0,6.0,7.0,7.0,6.0,6.0,7.0,7.0,6.0,7.0,7.0,6.0,6.0,6.0,6.0,6.0,5.0,6.0,5.0,5.0,6.0,6.0,7.0,7.0,7.0,7.0,7.0,7.0,6.0,7.0,6.0,6.0,6.0,5.0,7.0,6.0,6.0,6.0,6.0,7.0,7.0,6.0,6.0,6.0,,,,,,2,False,True,False,24.0,24.0,24.0
42,10/9/2021 11:12,10/9/2021 11:55,10,10,10,Under a year,Coursera,edX,LinkedIn Learning,Pluralsight,,Udemy,5,8,10,No,Social Worker,"Yes. Certification, license, or other non-degree credentials are an industry norm.",51-200,Health,Human Services,0.0,Georgia,Female,"50,000-74,999",25-34,Obtained Undergraduate Degree,Black or African American,4.0,"98,71,48,77,35",9.0,6.0,4.0,6.0,8.0,"Spiritual or Theistic, No Specific Religion",9.0,No negative impact (or a positive impact),Moderate degree,Large degree,2.0,5.0,2.0,3.0,3.0,7.0,5.0,1.0,6.0,6.0,5.0,6.0,4.0,4.0,6.0,7.0,5.0,5.0,4.0,7.0,7.0,9.0,7.0,4.0,6.0,9.0,6.0,4.0,6.0,8.0,6.0,3.0,6.0,6.0,7.0,7.0,6.0,8.0,6.0,4.0,5.0,5.0,6.0,9.0,7.0,7.0,9.0,3.0,6.0,9.0,7.0,5.0,6.0,9.0,5.0,8.0,5.0,10.0,5.0,8.0,98.0,71.0,48.0,77.0,35.0,5,False,True,False,12.0,11.0,16.0
43,10/9/2021 11:41,10/9/2021 11:53,8,7,9,Under a month,,edX,LinkedIn Learning,,,,5,9,9,Yes,ACCOUNTING,"Yes. Certification, license, or other non-degree credentials are an industry norm.","501-1,000","Finance, Investment, or Accounting",,1.0,Virginia,Male,"25,000-49,999",25-34,Obtained Undergraduate Degree,White or Caucasian,3.3,"81,65,69,73,60",10.0,10.0,7.0,9.0,9.0,Progressive Christian,10.0,Moderate negative impact,Moderate degree,Large degree,1.0,8.0,7.0,7.0,8.0,1.0,6.0,7.0,8.0,10.0,8.0,7.0,9.0,7.0,10.0,6.0,9.0,8.0,7.0,10.0,7.0,8.0,6.0,6.0,9.0,7.0,9.0,5.0,9.0,8.0,9.0,6.0,7.0,7.0,9.0,7.0,8.0,6.0,9.0,7.0,6.0,8.0,6.0,8.0,5.0,8.0,7.0,9.0,5.0,10.0,7.0,8.0,7.0,8.0,7.0,8.0,6.0,8.0,8.0,7.0,81.0,65.0,69.0,73.0,60.0,2,True,True,False,23.0,27.0,23.0
44,10/9/2021 11:32,10/9/2021 11:49,10,9,9,More than a year,Coursera,,,,,,9,10,9,Yes,,"Yes. Certification, license, or other non-degree credentials are required by law.","1,001-5,000",Real Estate,,1.0,Florida,Male,"75,000-99,999",35-44,Some College,Black or African American,3.24,,9.0,9.0,9.0,10.0,10.0,Agnostic or Atheist,10.0,Large negative impact,Moderate degree,Moderate degree,9.0,10.0,2.0,2.0,10.0,10.0,10.0,2.0,9.0,9.0,9.0,10.0,10.0,10.0,9.0,9.0,10.0,10.0,10.0,10.0,9.0,10.0,10.0,10.0,10.0,9.0,9.0,9.0,9.0,9.0,9.0,9.0,9.0,9.0,10.0,9.0,9.0,9.0,10.0,10.0,9.0,9.0,9.0,9.0,9.0,10.0,9.0,9.0,9.0,10.0,10.0,10.0,10.0,10.0,10.0,9.0,10.0,9.0,9.0,9.0,,,,,,1,True,True,False,23.0,16.0,24.0
45,10/9/2021 11:32,10/9/2021 11:49,9,6,7,Under a month,Coursera,edX,,,Udacity,Udemy,6,7,7,No,,"No. I do not know of any credentials which are common, valued, or legally required in that line of work.","1,001-5,000",Education,,1.0,Connecticut,Female,"50,000-74,999",25-34,Obtained Undergraduate Degree,White or Caucasian,2.7,"50,65,56,65,71",9.0,9.0,7.0,8.0,8.0,Progressive Christian,7.0,Moderate negative impact,Slight degree,Moderate degree,7.0,3.0,2.0,5.0,2.0,2.0,4.0,6.0,4.0,7.0,4.0,4.0,6.0,6.0,3.0,6.0,3.0,7.0,3.0,6.0,6.0,4.0,5.0,6.0,6.0,7.0,5.0,6.0,6.0,3.0,3.0,3.0,7.0,7.0,6.0,6.0,8.0,3.0,7.0,4.0,6.0,6.0,6.0,7.0,8.0,5.0,7.0,7.0,5.0,7.0,7.0,7.0,4.0,4.0,5.0,5.0,8.0,5.0,7.0,7.0,50.0,65.0,56.0,65.0,71.0,4,True,True,False,17.0,17.0,16.0
46,10/9/2021 11:31,10/9/2021 11:42,7,9,8,Under a month,,,,,Udacity,Udemy,8,9,9,Yes,Manager,"Yes. Certification, license, or other non-degree credentials are required by law.",201-500,"Finance, Investment, or Accounting",,1.0,New York,Male,"75,000-99,999",25-34,Obtained a Non-PhD Doctoral Degree,White or Caucasian,2.9,"56,62.5,60,62.5,60",7.0,9.0,7.0,9.0,8.0,Conservative or Evangelical Christian,7.0,Moderate negative impact,Moderate degree,Moderate degree,3.0,3.0,4.0,3.0,3.0,4.0,2.0,3.0,7.0,8.0,8.0,9.0,8.0,7.0,8.0,8.0,9.0,8.0,7.0,8.0,8.0,9.0,7.0,8.0,8.0,9.0,7.0,8.0,7.0,9.0,8.0,7.0,8.0,9.0,8.0,8.0,7.0,8.0,9.0,8.0,7.0,8.0,8.0,9.0,8.0,7.0,8.0,9.0,8.0,7.0,8.0,9.0,7.0,8.0,9.0,8.0,7.0,7.0,8.0,9.0,56.0,62.5,60.0,62.5,60.0,2,False,True,False,13.0,12.0,13.0
47,10/9/2021 10:57,10/9/2021 11:41,9,8,10,Under a month,,edX,LinkedIn Learning,,,,8,7,8,Yes,Advisor,"Yes. Certification, license, or other non-degree credentials are an industry norm.",201-500,Information Technology,,0.0,Ohio,Female,"25,000-49,999",35-44,Obtained Undergraduate Degree,White or Caucasian,4.0,"79,75,69,69,58",10.0,9.0,8.0,9.0,8.0,Progressive Christian,7.0,Large negative impact,Large degree,Moderate degree,5.0,8.0,6.0,9.0,7.0,8.0,8.0,1.0,8.0,7.0,8.0,8.0,7.0,8.0,8.0,7.0,8.0,8.0,8.0,5.0,9.0,9.0,8.0,4.0,9.0,8.0,8.0,6.0,7.0,8.0,8.0,7.0,8.0,8.0,8.0,6.0,8.0,8.0,8.0,6.0,7.0,8.0,8.0,6.0,8.0,9.0,8.0,6.0,10.0,9.0,9.0,7.0,8.0,8.0,8.0,7.0,8.0,8.0,8.0,7.0,79.0,75.0,69.0,69.0,58.0,2,False,True,True,28.0,24.0,26.0
48,10/9/2021 11:33,10/9/2021 11:37,7,8,7,Under a year,Coursera,,LinkedIn Learning,,Udacity,Udemy,8,8,7,No,na,"Yes. Certification, license, or other non-degree credentials are an industry norm.",201-500,Manufacturing,,0.0,Ohio,Male,"50,000-74,999",65+,Obtained Undergraduate Degree,White or Caucasian,,,,,,,,,,,,,,,,,,,,,,,,,,,,,,,,,,,,,,,,,,,,,,,,,,,,,,,,,,,,,,,,,,,,,,,,,,,,,,4,False,True,False,,,
50,10/9/2021 11:04,10/9/2021 11:29,10,8,10,Under a year,,,,,,Udemy,5,7,10,No,mturker,"No. I do not know of any credentials which are common, valued, or legally required in that line of work.","10,000+",Information Technology,,0.0,Indiana,Male,"0-9,999",35-44,Did Not Graduate from High School,White or Caucasian,3.1,"46,63,8,50,44",8.0,3.0,6.0,7.0,5.0,Agnostic or Atheist,1.0,Slight negative impact,No increase (or a decrease),No increase (or a decrease),3.0,5.0,3.0,6.0,4.0,8.0,6.0,1.0,5.0,5.0,5.0,5.0,10.0,7.0,6.0,6.0,6.0,6.0,6.0,6.0,8.0,5.0,7.0,6.0,8.0,5.0,6.0,6.0,6.0,6.0,6.0,6.0,8.0,5.0,7.0,7.0,8.0,5.0,7.0,7.0,6.0,7.0,7.0,6.0,8.0,5.0,6.0,7.0,8.0,4.0,7.0,7.0,8.0,4.0,7.0,8.0,9.0,8.0,7.0,8.0,46.0,63.0,8.0,50.0,44.0,1,True,True,True,17.0,16.0,20.0
51,10/9/2021 11:11,10/9/2021 11:28,9,8,9,Under a month,,,,,Udacity,Udemy,8,9,7,No,,"Yes. Certification, license, or other non-degree credentials are required by law.",201-500,"Finance, Investment, or Accounting",,1.0,New York,Male,"75,000-99,999",25-34,Obtained Undergraduate Degree,White or Caucasian,3.3,"56,67,50,58,62.5",7.0,8.0,8.0,7.0,9.0,Conservative or Evangelical Christian,7.0,Slight negative impact,Moderate degree,Large degree,3.0,3.0,4.0,2.0,3.0,4.0,2.0,4.0,7.0,9.0,7.0,7.0,8.0,9.0,7.0,8.0,7.0,8.0,9.0,7.0,8.0,9.0,9.0,7.0,8.0,9.0,7.0,8.0,8.0,7.0,8.0,7.0,8.0,9.0,8.0,7.0,8.0,9.0,7.0,7.0,9.0,8.0,7.0,7.0,8.0,9.0,9.0,7.0,8.0,9.0,8.0,7.0,8.0,9.0,8.0,7.0,8.0,9.0,8.0,7.0,56.0,67.0,50.0,58.0,62.5,2,False,True,False,12.0,12.0,13.0
52,10/9/2021 10:32,10/9/2021 11:26,7,8,6,Under a year,,,LinkedIn Learning,Pluralsight,,Udemy,3,7,8,No,employed,"Yes. Certification, license, or other non-degree credentials are an industry norm.","5,001-10,000",Health,,1.0,New York,Male,"75,000-99,999",25-34,Obtained Non-Doctoral Graduate Degree,White or Caucasian,2.8,"62.5,50,44,58,54",8.0,9.0,8.0,6.0,8.0,Conservative or Evangelical Christian,8.0,Slight negative impact,Moderate degree,Large degree,7.0,6.0,7.0,7.0,7.0,5.0,8.0,8.0,8.0,6.0,8.0,8.0,8.0,8.0,9.0,8.0,7.0,7.0,8.0,4.0,7.0,8.0,7.0,6.0,7.0,8.0,6.0,9.0,9.0,7.0,8.0,5.0,9.0,7.0,8.0,6.0,8.0,6.0,8.0,8.0,7.0,6.0,8.0,6.0,4.0,8.0,7.0,6.0,8.0,8.0,6.0,7.0,6.0,9.0,6.0,4.0,5.0,7.0,6.0,7.0,62.5,50.0,44.0,58.0,54.0,3,True,True,False,27.0,30.0,26.0
53,10/9/2021 10:49,10/9/2021 11:26,8,7,6,Under 3 months,,,LinkedIn Learning,,,,8,7,8,Yes,human resources,"Yes. Certification, license, or other non-degree credentials are required by law.","501-1,000",Manufacturing,,1.0,Ohio,Female,"50,000-74,999",25-34,Obtained Undergraduate Degree,White or Caucasian,4.09,,7.0,8.0,7.0,6.0,8.0,"Spiritual or Theistic, No Specific Religion",8.0,Slight negative impact,Slight degree,Slight degree,7.0,2.0,4.0,4.0,6.0,7.0,7.0,5.0,8.0,7.0,7.0,5.0,7.0,7.0,8.0,8.0,5.0,8.0,4.0,4.0,6.0,6.0,5.0,6.0,5.0,8.0,7.0,6.0,7.0,8.0,7.0,5.0,6.0,5.0,7.0,7.0,8.0,5.0,6.0,7.0,5.0,5.0,4.0,3.0,6.0,6.0,9.0,4.0,8.0,4.0,8.0,4.0,8.0,6.0,7.0,5.0,4.0,6.0,8.0,7.0,,,,,,1,True,True,False,17.0,20.0,18.0
54,10/9/2021 11:13,10/9/2021 11:25,8,9,8,Under a week,,,,,Udacity,,8,8,7,Yes,search engine optimation,"Yes. Certification, license, or other non-degree credentials are an industry norm.",51-200,Information Technology,,1.0,California,Male,"25,000-49,999",25-34,Obtained Undergraduate Degree,White or Caucasian,3.24,,8.0,8.0,8.0,9.0,8.0,Other Christian,8.0,Moderate negative impact,Slight degree,Moderate degree,8.0,8.0,7.0,8.0,8.0,8.0,8.0,8.0,8.0,8.0,7.0,8.0,7.0,8.0,7.0,8.0,8.0,8.0,9.0,8.0,8.0,8.0,7.0,8.0,7.0,7.0,8.0,8.0,8.0,7.0,7.0,7.0,8.0,8.0,8.0,8.0,8.0,8.0,7.0,8.0,8.0,7.0,8.0,7.0,8.0,7.0,8.0,8.0,8.0,7.0,8.0,8.0,8.0,7.0,8.0,8.0,7.0,8.0,7.0,7.0,,,,,,1,False,True,True,31.0,31.0,32.0
55,10/9/2021 10:53,10/9/2021 11:24,7,8,8,Under 3 months,,,LinkedIn Learning,,,Udemy,7,8,8,Yes,business,"Yes. Certification, license, or other non-degree credentials are required by law.","1,001-5,000",Education,,0.0,Connecticut,Male,"50,000-74,999",25-34,Obtained Undergraduate Degree,White or Caucasian,3.24,"75,62.5,69,62.5,62",7.0,8.0,8.0,9.0,9.0,Other Christian,7.0,No negative impact (or a positive impact),Large degree,Moderate degree,7.0,7.0,8.0,8.0,6.0,5.0,8.0,7.0,7.0,8.0,9.0,8.0,8.0,9.0,8.0,9.0,9.0,8.0,9.0,8.0,8.0,9.0,8.0,8.0,8.0,9.0,9.0,9.0,8.0,8.0,5.0,6.0,7.0,8.0,8.0,7.0,8.0,8.0,7.0,7.0,8.0,7.0,8.0,8.0,9.0,8.0,8.0,9.0,8.0,9.0,8.0,9.0,9.0,9.0,7.0,8.0,7.0,8.0,7.0,8.0,75.0,62.5,69.0,62.5,62.0,2,True,True,False,30.0,31.0,27.0
56,10/9/2021 10:46,10/9/2021 11:23,9,10,9,Under 3 months,,,LinkedIn Learning,Pluralsight,,,8,7,9,Yes,Software Developer ,"Yes. Certification, license, or other non-degree credentials are required by law.",201-500,Information Technology,,1.0,Virginia,Female,"50,000-74,999",25-34,Some College,Asian or Asian American,3.4,"67,56,50,56,62.5",9.0,8.0,7.0,6.0,7.0,Conservative or Evangelical Christian,9.0,Moderate negative impact,Large degree,Moderate degree,4.0,10.0,5.0,5.0,5.0,5.0,8.0,5.0,8.0,7.0,9.0,6.0,9.0,9.0,9.0,7.0,8.0,8.0,7.0,9.0,7.0,6.0,8.0,8.0,7.0,8.0,6.0,8.0,7.0,6.0,8.0,7.0,7.0,8.0,8.0,7.0,8.0,8.0,6.0,8.0,8.0,7.0,8.0,7.0,7.0,6.0,8.0,9.0,8.0,7.0,7.0,7.0,8.0,6.0,8.0,7.0,8.0,6.0,7.0,6.0,67.0,56.0,50.0,56.0,62.5,2,False,True,True,24.0,23.0,25.0
57,10/9/2021 10:38,10/9/2021 11:22,10,10,9,Under a week,Coursera,edX,LinkedIn Learning,Pluralsight,Udacity,,10,8,9,Yes,,"Yes. Certification, license, or other non-degree credentials are required by law.","501-1,000",Manufacturing,,1.0,Florida,Male,"10,000-24,999",45-54,Some Graduate School,White or Caucasian,3.0,,9.0,9.0,9.0,9.0,9.0,Conservative or Evangelical Christian,9.0,Moderate negative impact,Moderate degree,Moderate degree,9.0,9.0,9.0,9.0,9.0,9.0,9.0,9.0,9.0,9.0,9.0,8.0,9.0,9.0,9.0,9.0,9.0,8.0,9.0,9.0,8.0,9.0,9.0,9.0,9.0,9.0,8.0,8.0,8.0,9.0,8.0,9.0,9.0,8.0,9.0,9.0,9.0,9.0,9.0,9.0,9.0,9.0,9.0,9.0,9.0,9.0,9.0,9.0,8.0,9.0,9.0,9.0,9.0,9.0,9.0,9.0,9.0,9.0,9.0,9.0,,,,,,5,True,True,False,36.0,36.0,36.0
58,10/9/2021 10:55,10/9/2021 11:21,10,8,7,More than a year,,edX,LinkedIn Learning,,Udacity,,8,5,9,Yes,Manager,"Yes. Certification, license, or other non-degree credentials are an industry norm.",51-200,Information Technology,,1.0,Colorado,Male,"25,000-49,999",35-44,Some Graduate School,White or Caucasian,3.9,"83,94,92,75,33.",10.0,9.0,7.0,9.0,5.0,Other Christian,8.0,Moderate negative impact,Moderate degree,Large degree,8.0,6.0,7.0,9.0,6.0,7.0,8.0,8.0,9.0,6.0,4.0,5.0,4.0,6.0,6.0,5.0,8.0,9.0,9.0,5.0,8.0,9.0,9.0,6.0,9.0,7.0,7.0,5.0,8.0,8.0,9.0,9.0,8.0,9.0,7.0,9.0,8.0,10.0,8.0,9.0,9.0,10.0,9.0,8.0,9.0,9.0,7.0,7.0,9.0,8.0,9.0,9.0,7.0,8.0,9.0,8.0,9.0,9.0,9.0,8.0,83.0,94.0,92.0,75.0,33.0,3,False,True,True,30.0,32.0,30.0
59,10/9/2021 10:44,10/9/2021 11:20,8,8,7,Under a year,,,LinkedIn Learning,,Udacity,,7,8,7,Yes,manager,"Yes. Certification, license, or other non-degree credentials are required by law.",201-500,Manufacturing,,0.0,New York,Male,"75,000-99,999",25-34,Some College,White or Caucasian,4.0,"67,67,62.5,60,44",9.0,8.0,8.0,8.0,8.0,Progressive Christian,7.0,Large negative impact,Moderate degree,Moderate degree,7.0,4.0,7.0,4.0,7.0,6.0,5.0,4.0,7.0,8.0,8.0,4.0,7.0,5.0,7.0,3.0,7.0,8.0,8.0,6.0,7.0,5.0,6.0,6.0,7.0,7.0,8.0,8.0,9.0,9.0,8.0,7.0,6.0,7.0,8.0,7.0,6.0,7.0,8.0,6.0,7.0,6.0,8.0,7.0,9.0,8.0,8.0,7.0,7.0,8.0,7.0,6.0,7.0,6.0,7.0,8.0,7.0,6.0,8.0,9.0,67.0,67.0,62.5,60.0,44.0,2,False,True,False,22.0,20.0,18.0
60,10/9/2021 10:44,10/9/2021 11:19,9,7,9,Under a month,Coursera,edX,,,,Udemy,7,6,7,No,Data Analyst,"Yes. Certification, license, or other non-degree credentials are not required or expected, but there are some which are common and valued.",51-200,Information Technology,,1.0,Oklahoma,Female,"25,000-49,999",25-34,Obtained Undergraduate Degree,White or Caucasian,4.5,"81,83,83,71,17",8.0,9.0,10.0,8.0,8.0,Other Christian,9.0,No negative impact (or a positive impact),No increase (or a decrease),No increase (or a decrease),4.0,2.0,3.0,4.0,3.0,2.0,3.0,3.0,9.0,8.0,7.0,6.0,6.0,7.0,8.0,7.0,8.0,8.0,7.0,8.0,7.0,7.0,7.0,9.0,7.0,8.0,6.0,7.0,5.0,7.0,7.0,6.0,8.0,8.0,6.0,7.0,6.0,7.0,6.0,7.0,6.0,7.0,6.0,7.0,7.0,8.0,8.0,7.0,8.0,6.0,8.0,4.0,7.0,6.0,7.0,6.0,7.0,6.0,8.0,7.0,81.0,83.0,83.0,71.0,17.0,3,False,True,True,13.0,13.0,11.0
61,10/9/2021 10:34,10/9/2021 11:18,8,6,9,Under 3 months,,,LinkedIn Learning,,,,7,8,6,Yes,Software development,"Yes. Certification, license, or other non-degree credentials are required by law.","501-1,000",Information Technology,,1.0,Texas,Male,"175,000-199,999",25-34,Obtained Undergraduate Degree,Asian or Asian American,3.5,"58,62.5,73,58,46",10.0,10.0,7.0,8.0,6.0,Conservative or Evangelical Christian,6.0,Moderate negative impact,Slight degree,Moderate degree,7.0,7.0,6.0,7.0,7.0,7.0,7.0,1.0,8.0,6.0,8.0,8.0,6.0,7.0,8.0,7.0,8.0,9.0,7.0,9.0,7.0,6.0,9.0,7.0,10.0,7.0,7.0,8.0,9.0,8.0,9.0,7.0,9.0,7.0,9.0,7.0,8.0,7.0,8.0,7.0,7.0,8.0,7.0,5.0,8.0,9.0,9.0,7.0,9.0,7.0,9.0,7.0,8.0,6.0,8.0,9.0,9.0,7.0,6.0,7.0,58.0,62.5,73.0,58.0,46.0,1,True,True,True,27.0,21.0,22.0
62,10/9/2021 11:07,10/9/2021 11:17,7,8,6,Under a month,Coursera,,LinkedIn Learning,,,Udemy,5,8,6,No,IT,"Yes. Certification, license, or other non-degree credentials are not required or expected, but there are some which are common and valued.",51-200,"Finance, Investment, or Accounting",,0.0,Texas,Female,"25,000-49,999",25-34,Obtained Undergraduate Degree,White or Caucasian,2.9,"46,50,52,56,54",7.0,9.0,7.0,4.0,7.0,Conservative or Evangelical Christian,7.0,Moderate negative impact,Slight degree,Moderate degree,7.0,5.0,9.0,5.0,8.0,6.0,8.0,4.0,7.0,4.0,8.0,5.0,4.0,7.0,5.0,3.0,3.0,7.0,5.0,4.0,3.0,8.0,4.0,7.0,5.0,3.0,8.0,3.0,6.0,8.0,4.0,8.0,4.0,3.0,7.0,5.0,4.0,8.0,2.0,6.0,8.0,4.0,3.0,7.0,3.0,6.0,3.0,7.0,4.0,6.0,4.0,7.0,3.0,6.0,4.0,7.0,3.0,6.0,4.0,6.0,46.0,50.0,52.0,56.0,54.0,3,False,True,False,26.0,26.0,20.0
63,10/9/2021 10:46,10/9/2021 11:17,8,9,9,More than a year,,,LinkedIn Learning,,,,4,6,7,No,Email/Chat Specialist,"No. I do not know of any credentials which are common, valued, or legally required in that line of work.","10,000+",Retail,,0.0,Ohio,Female,"50,000-74,999",55-64,High School Diploma,White or Caucasian,4.09,"58,83,60,79,0",7.0,6.0,6.0,6.0,6.0,"Spiritual or Theistic, No Specific Religion",4.0,No negative impact (or a positive impact),No increase (or a decrease),No increase (or a decrease),5.0,7.0,6.0,8.0,4.0,7.0,5.0,9.0,5.0,5.0,5.0,5.0,6.0,6.0,6.0,6.0,5.0,6.0,6.0,5.0,8.0,8.0,8.0,8.0,8.0,8.0,8.0,8.0,7.0,7.0,6.0,6.0,7.0,8.0,7.0,7.0,8.0,8.0,8.0,8.0,6.0,7.0,6.0,6.0,8.0,9.0,8.0,8.0,7.0,7.0,7.0,7.0,7.0,5.0,6.0,6.0,6.0,3.0,6.0,6.0,58.0,83.0,60.0,79.0,0.0,1,True,True,False,26.0,28.0,31.0
64,10/9/2021 11:00,10/9/2021 11:16,7,7,5,Under 6 months,Coursera,edX,,,,Udemy,6,7,6,No,,Not Applicable,Nov-50,"Finance, Investment, or Accounting",,0.0,Texas,Female,"75,000-99,999",25-34,Some College,White or Caucasian,2.7,,6.0,7.0,6.0,6.0,7.0,Agnostic or Atheist,6.0,Slight negative impact,Moderate degree,Moderate degree,7.0,6.0,6.0,7.0,5.0,5.0,6.0,6.0,7.0,6.0,5.0,6.0,5.0,6.0,6.0,6.0,6.0,6.0,7.0,5.0,6.0,6.0,6.0,5.0,6.0,6.0,5.0,6.0,5.0,6.0,5.0,6.0,6.0,5.0,6.0,7.0,5.0,6.0,6.0,5.0,6.0,6.0,5.0,5.0,6.0,5.0,6.0,5.0,5.0,6.0,6.0,7.0,5.0,6.0,5.0,6.0,5.0,5.0,6.0,5.0,,,,,,3,False,True,False,26.0,25.0,24.0
65,10/9/2021 10:42,10/9/2021 11:14,9,8,7,Under 6 months,,,LinkedIn Learning,,,,9,8,8,Yes,,"Yes. Certification, license, or other non-degree credentials are required by law.",Nov-50,Manufacturing,,1.0,Indiana,Male,"50,000-74,999",35-44,Some Graduate School,White or Caucasian,3.24,"90,71,71,63,31",9.0,9.0,9.0,8.0,9.0,Conservative or Evangelical Christian,8.0,Large negative impact,Large degree,Moderate degree,9.0,8.0,8.0,8.0,7.0,8.0,8.0,8.0,8.0,7.0,8.0,8.0,8.0,7.0,8.0,9.0,8.0,8.0,9.0,8.0,9.0,8.0,8.0,8.0,9.0,8.0,9.0,7.0,8.0,7.0,8.0,7.0,8.0,8.0,8.0,8.0,7.0,8.0,8.0,8.0,8.0,8.0,8.0,8.0,7.0,8.0,7.0,8.0,7.0,8.0,8.0,7.0,8.0,8.0,8.0,8.0,8.0,7.0,7.0,8.0,90.0,71.0,71.0,63.0,31.0,1,False,True,False,33.0,32.0,32.0
66,10/9/2021 10:58,10/9/2021 11:11,10,10,10,Under a year,Coursera,,,,,,10,1,3,No,Carpenter,"Yes. Certification, license, or other non-degree credentials are an industry norm.",Nov-50,Manufacturing,Construction,0.0,California,Male,"25,000-49,999",45-54,High School Diploma,White or Caucasian,5.0,"65,98,56,54,0",1.0,3.0,5.0,5.0,7.0,"Spiritual or Theistic, No Specific Religion",5.0,Slight negative impact,No increase (or a decrease),No increase (or a decrease),1.0,5.0,5.0,10.0,1.0,5.0,5.0,10.0,1.0,1.0,1.0,1.0,5.0,5.0,5.0,5.0,10.0,10.0,10.0,10.0,5.0,5.0,5.0,5.0,10.0,10.0,10.0,10.0,5.0,5.0,5.0,5.0,10.0,10.0,10.0,10.0,10.0,10.0,10.0,10.0,10.0,10.0,10.0,10.0,10.0,10.0,10.0,10.0,10.0,10.0,10.0,10.0,10.0,10.0,10.0,10.0,10.0,10.0,10.0,10.0,65.0,98.0,56.0,54.0,0.0,1,False,True,False,21.0,30.0,30.0
67,10/9/2021 10:53,10/9/2021 11:10,8,9,10,Under 6 months,Coursera,,LinkedIn Learning,,,Udemy,8,9,8,Yes,I WOULD MAKE DECISION ON BEING A SALES REPRESENTATIVE.,"Yes. Certification, license, or other non-degree credentials are an industry norm.","501-1,000",Health,,1.0,Mississippi,Female,"25,000-49,999",35-44,Obtained Undergraduate Degree,White or Caucasian,3.4,"75,73,71,69,40",10.0,7.0,9.0,10.0,7.0,"Religious, Not Christian",8.0,Moderate negative impact,Moderate degree,Slight degree,4.0,5.0,4.0,4.0,5.0,7.0,7.0,8.0,7.0,8.0,6.0,5.0,7.0,7.0,6.0,8.0,6.0,7.0,8.0,8.0,7.0,9.0,10.0,4.0,9.0,10.0,9.0,4.0,9.0,9.0,10.0,5.0,8.0,8.0,7.0,4.0,8.0,8.0,7.0,7.0,8.0,7.0,7.0,8.0,7.0,7.0,8.0,7.0,8.0,6.0,6.0,7.0,8.0,6.0,7.0,5.0,6.0,6.0,8.0,9.0,75.0,73.0,71.0,69.0,40.0,3,True,True,False,17.0,23.0,24.0
68,10/9/2021 10:44,10/9/2021 11:10,10,8,7,More than a year,,,,,,,6,7,7,No,Administrator,"No. I do not know of any credentials which are common, valued, or legally required in that line of work.",10-Jan,Law,,0.0,North Carolina,Female,"10,000-24,999",55-64,Obtained Non-Doctoral Graduate Degree,White or Caucasian,4.7,"60,81,8,83,0",10.0,3.0,8.0,8.0,7.0,Agnostic or Atheist,4.0,Slight negative impact,No increase (or a decrease),Moderate degree,3.0,6.0,4.0,8.0,3.0,5.0,4.0,7.0,1.0,1.0,1.0,1.0,1.0,1.0,1.0,1.0,5.0,5.0,5.0,5.0,6.0,6.0,6.0,6.0,7.0,7.0,7.0,7.0,3.0,3.0,3.0,3.0,9.0,8.0,8.0,8.0,9.0,9.0,9.0,9.0,3.0,3.0,3.0,3.0,6.0,6.0,6.0,6.0,7.0,7.0,7.0,7.0,8.0,8.0,8.0,8.0,8.0,8.0,8.0,8.0,60.0,81.0,8.0,83.0,0.0,0,False,True,False,21.0,23.0,26.0
69,10/9/2021 10:28,10/9/2021 11:06,7,3,4,Under a year,,,,,,Udemy,10,2,2,No,,"Yes. Certification, license, or other non-degree credentials are an industry norm.",I am currently not employed,Information Technology,,0.0,Florida,Female,"10,000-24,999",55-64,Obtained Undergraduate Degree,White or Caucasian,4.3,"75,75,19,92,37",7.0,2.0,3.0,10.0,10.0,Agnostic or Atheist,2.0,Slight negative impact,Large degree,Large degree,10.0,3.0,8.0,3.0,1.0,10.0,6.0,10.0,8.0,6.0,7.0,6.0,7.0,7.0,7.0,6.0,7.0,2.0,7.0,7.0,8.0,8.0,8.0,7.0,7.0,6.0,8.0,7.0,7.0,3.0,7.0,7.0,6.0,2.0,6.0,6.0,8.0,6.0,7.0,7.0,3.0,5.0,5.0,7.0,4.0,3.0,4.0,4.0,6.0,3.0,7.0,6.0,4.0,1.0,5.0,5.0,7.0,8.0,7.0,7.0,75.0,75.0,19.0,92.0,37.0,1,False,True,True,24.0,27.0,26.0
70,10/9/2021 10:41,10/9/2021 11:03,10,9,10,Under a year,Coursera,edX,,,,,10,10,10,Yes,Office worker,"Yes. Certification, license, or other non-degree credentials are required by law.","501-1,000","Finance, Investment, or Accounting",,1.0,New York,Male,"75,000-99,999",25-34,Some Graduate School,White or Caucasian,3.2,"77,62.5,71,60,58",10.0,10.0,10.0,9.0,9.0,Other Christian,9.0,Moderate negative impact,Moderate degree,Moderate degree,3.0,2.0,10.0,2.0,3.0,10.0,4.0,3.0,9.0,8.0,9.0,8.0,9.0,8.0,9.0,10.0,9.0,8.0,9.0,8.0,9.0,8.0,9.0,8.0,9.0,10.0,9.0,8.0,9.0,8.0,9.0,10.0,9.0,8.0,9.0,10.0,9.0,8.0,7.0,9.0,10.0,9.0,8.0,7.0,7.0,6.0,8.0,9.0,10.0,9.0,8.0,7.0,6.0,8.0,9.0,10.0,9.0,8.0,9.0,10.0,77.0,62.5,71.0,60.0,58.0,2,True,True,False,17.0,19.0,17.0
71,10/9/2021 10:35,10/9/2021 11:00,8,8,10,Under a year,,,LinkedIn Learning,,,,6,9,5,No,,"No. I do not know of any credentials which are common, valued, or legally required in that line of work.",51-200,Information Technology,,1.0,Maine,Female,"25,000-49,999",25-34,Obtained Non-Doctoral Graduate Degree,White or Caucasian,3.2,"75,67,54,65,69",9.0,10.0,6.0,7.0,7.0,Agnostic or Atheist,7.0,Moderate negative impact,Slight degree,Moderate degree,7.0,8.0,8.0,9.0,9.0,7.0,8.0,7.0,8.0,8.0,8.0,5.0,7.0,8.0,8.0,10.0,7.0,7.0,5.0,8.0,10.0,9.0,9.0,6.0,8.0,9.0,9.0,6.0,6.0,8.0,8.0,4.0,9.0,8.0,9.0,9.0,9.0,6.0,10.0,6.0,10.0,10.0,8.0,7.0,10.0,10.0,10.0,9.0,9.0,10.0,10.0,10.0,6.0,5.0,9.0,9.0,7.0,8.0,8.0,6.0,75.0,67.0,54.0,65.0,69.0,1,False,True,True,32.0,32.0,31.0
72,10/9/2021 10:29,10/9/2021 11:00,8,9,9,Under a week,Coursera,,,,,,6,7,5,Yes,,"No. I do not know of any credentials which are common, valued, or legally required in that line of work.",201-500,Information Technology,,0.0,Colorado,Female,"75,000-99,999",35-44,Obtained Undergraduate Degree,American Indian or Alaska Native,4.1,"51,20,35,61,30",9.0,8.0,7.0,9.0,5.0,"Spiritual or Theistic, No Specific Religion",9.0,Moderate negative impact,Large degree,Moderate degree,9.0,6.0,5.0,9.0,6.0,9.0,6.0,5.0,8.0,7.0,6.0,4.0,4.0,8.0,9.0,6.0,5.0,6.0,8.0,9.0,7.0,6.0,7.0,9.0,4.0,6.0,7.0,5.0,7.0,6.0,8.0,4.0,6.0,7.0,6.0,9.0,6.0,6.0,6.0,6.0,7.0,6.0,5.0,6.0,7.0,5.0,7.0,5.0,6.0,5.0,6.0,6.0,6.0,6.0,5.0,6.0,7.0,7.0,8.0,6.0,51.0,20.0,35.0,61.0,30.0,1,False,True,True,29.0,25.0,29.0
73,10/9/2021 10:37,10/9/2021 10:59,8,9,8,Under a month,,,,,Udacity,Udemy,8,9,7,No,,"Yes. Certification, license, or other non-degree credentials are required by law.",201-500,"Finance, Investment, or Accounting",,1.0,New York,Male,"75,000-99,999",25-34,Obtained a Non-PhD Doctoral Degree,White or Caucasian,2.5,"58,52,58,56,62.5",8.0,7.0,7.0,9.0,8.0,Conservative or Evangelical Christian,6.0,Moderate negative impact,Moderate degree,Slight degree,3.0,2.0,3.0,4.0,3.0,4.0,4.0,3.0,8.0,9.0,7.0,8.0,8.0,7.0,9.0,8.0,7.0,7.0,8.0,9.0,8.0,6.0,7.0,8.0,9.0,6.0,7.0,8.0,8.0,9.0,7.0,8.0,7.0,9.0,7.0,8.0,9.0,7.0,8.0,8.0,7.0,8.0,7.0,8.0,9.0,7.0,8.0,9.0,7.0,8.0,9.0,7.0,8.0,9.0,8.0,8.0,7.0,9.0,7.0,8.0,58.0,52.0,58.0,56.0,62.5,2,False,True,False,12.0,14.0,13.0
74,10/9/2021 10:37,10/9/2021 10:59,9,8,6,Under a year,,,,,Udacity,,8,9,7,Yes,,"Yes. Certification, license, or other non-degree credentials are not required or expected, but there are some which are common and valued.",51-200,"Finance, Investment, or Accounting",,1.0,Maryland,Male,"25,000-49,999",25-34,Obtained Undergraduate Degree,White or Caucasian,2.25,,9.0,9.0,8.0,6.0,8.0,Progressive Christian,9.0,Moderate negative impact,Moderate degree,Slight degree,9.0,8.0,8.0,9.0,8.0,8.0,9.0,8.0,9.0,9.0,9.0,8.0,9.0,9.0,9.0,8.0,7.0,9.0,9.0,8.0,7.0,8.0,7.0,8.0,7.0,8.0,8.0,7.0,8.0,7.0,8.0,7.0,9.0,8.0,7.0,6.0,8.0,8.0,9.0,7.0,9.0,8.0,9.0,7.0,6.0,8.0,9.0,8.0,9.0,9.0,8.0,8.0,9.0,7.0,8.0,7.0,8.0,9.0,8.0,8.0,,,,,,1,False,True,False,34.0,34.0,33.0
75,10/9/2021 10:41,10/9/2021 10:58,9,9,8,Under a month,,,,Pluralsight,Udacity,,9,8,9,Yes,SALES,"Yes. Certification, license, or other non-degree credentials are required by law.",51-200,Manufacturing,,1.0,Kentucky,Male,"75,000-99,999",25-34,Some College,Black or African American,3.0,"67,71,60,58,67",9.0,10.0,9.0,9.0,8.0,Other Christian,9.0,Slight negative impact,Moderate degree,Slight degree,10.0,2.0,10.0,2.0,2.0,2.0,2.0,10.0,9.0,9.0,10.0,9.0,8.0,9.0,8.0,8.0,9.0,9.0,10.0,9.0,8.0,9.0,8.0,9.0,8.0,9.0,9.0,8.0,9.0,9.0,9.0,8.0,9.0,9.0,8.0,9.0,9.0,8.0,8.0,9.0,9.0,8.0,8.0,8.0,9.0,9.0,8.0,9.0,9.0,8.0,8.0,9.0,8.0,8.0,9.0,9.0,8.0,8.0,8.0,8.0,67.0,71.0,60.0,58.0,67.0,2,False,True,False,24.0,24.0,16.0
76,10/9/2021 10:36,10/9/2021 10:57,8,7,8,Under 3 months,Coursera,edX,,Pluralsight,,Udemy,6,5,7,No,,Not Applicable,Nov-50,"Finance, Investment, or Accounting",,0.0,Georgia,Male,"25,000-49,999",25-34,Obtained Non-Doctoral Graduate Degree,White or Caucasian,3.1,"73,67,29,67,50",6.0,7.0,8.0,7.0,8.0,Agnostic or Atheist,6.0,Moderate negative impact,Moderate degree,Moderate degree,6.0,7.0,8.0,6.0,7.0,8.0,7.0,7.0,6.0,5.0,7.0,6.0,7.0,6.0,6.0,5.0,5.0,7.0,6.0,7.0,6.0,7.0,6.0,6.0,6.0,5.0,5.0,5.0,7.0,6.0,6.0,6.0,5.0,5.0,6.0,4.0,5.0,6.0,7.0,7.0,7.0,6.0,7.0,7.0,7.0,7.0,7.0,6.0,6.0,7.0,6.0,7.0,6.0,7.0,6.0,6.0,5.0,6.0,5.0,6.0,73.0,67.0,29.0,67.0,50.0,4,False,True,False,27.0,28.0,28.0
77,10/9/2021 10:31,10/9/2021 10:55,8,9,7,Under a year,Coursera,edX,,,,,6,7,8,No,,"Yes. Certification, license, or other non-degree credentials are not required or expected, but there are some which are common and valued.",Nov-50,"Finance, Investment, or Accounting",,1.0,New York,Male,"75,000-99,999",25-34,Obtained Undergraduate Degree,White or Caucasian,8.0,",,,,",8.0,6.0,7.0,8.0,9.0,Conservative or Evangelical Christian,8.0,Moderate negative impact,Moderate degree,Slight degree,7.0,6.0,7.0,8.0,8.0,7.0,6.0,7.0,7.0,9.0,7.0,8.0,7.0,8.0,7.0,8.0,7.0,7.0,8.0,5.0,8.0,9.0,7.0,8.0,7.0,8.0,7.0,7.0,7.0,8.0,7.0,6.0,8.0,8.0,7.0,8.0,7.0,8.0,7.0,7.0,6.0,7.0,7.0,8.0,7.0,8.0,7.0,5.0,7.0,7.0,7.0,7.0,6.0,7.0,8.0,7.0,9.0,7.0,8.0,7.0,,,,,,2,False,True,False,28.0,28.0,28.0
78,10/9/2021 10:35,10/9/2021 10:53,10,10,10,More than a year,Coursera,,LinkedIn Learning,,,,9,2,8,Yes,Manufacturing,"Yes. Certification, license, or other non-degree credentials are required by law.","1,001-5,000",Manufacturing,,1.0,California,Male,"10,000-24,999",25-34,High School Diploma,White or Caucasian,3.5,"87.5,85,71,67,37.5",10.0,7.0,9.0,7.0,9.0,Conservative or Evangelical Christian,10.0,Slight negative impact,Large degree,Large degree,10.0,5.0,5.0,2.0,3.0,6.0,3.0,3.0,10.0,10.0,10.0,9.0,10.0,10.0,9.0,10.0,10.0,9.0,7.0,5.0,7.0,8.0,7.0,9.0,10.0,10.0,10.0,8.0,10.0,9.0,8.0,6.0,10.0,10.0,10.0,6.0,10.0,10.0,10.0,10.0,8.0,10.0,8.0,9.0,10.0,10.0,10.0,10.0,10.0,10.0,10.0,8.0,7.0,8.0,9.0,6.0,7.0,9.0,10.0,10.0,87.5,85.0,71.0,67.0,37.5,2,True,True,False,22.0,13.0,16.0
79,10/9/2021 10:30,10/9/2021 10:52,8,7,10,Under a year,,,LinkedIn Learning,,,,3,8,8,Unemployed,School Librarian,"Yes. Certification, license, or other non-degree credentials are an industry norm.",I am currently not employed,Education,,0.0,New Jersey,Female,"75,000-99,999",65+,Obtained Non-Doctoral Graduate Degree,White or Caucasian,5.0,"98,92,92,88,2",3.0,2.0,9.0,9.0,9.0,"Spiritual or Theistic, No Specific Religion",8.0,Moderate negative impact,Moderate degree,Large degree,3.0,5.0,8.0,7.0,3.0,3.0,2.0,10.0,5.0,5.0,5.0,5.0,8.0,8.0,8.0,8.0,9.0,9.0,9.0,9.0,10.0,8.0,8.0,8.0,10.0,9.0,8.0,8.0,10.0,8.0,9.0,9.0,10.0,8.0,9.0,9.0,10.0,8.0,8.0,8.0,6.0,6.0,8.0,8.0,10.0,9.0,7.0,7.0,10.0,10.0,8.0,8.0,7.0,7.0,7.0,8.0,9.0,2.0,6.0,8.0,98.0,92.0,92.0,88.0,2.0,1,False,True,False,23.0,27.0,25.0
80,10/9/2021 10:32,10/9/2021 10:50,9,7,7,Under 3 months,Coursera,,LinkedIn Learning,Pluralsight,,,8,5,7,Yes,Accountant,"Yes. Certification, license, or other non-degree credentials are required by law.",201-500,"Finance, Investment, or Accounting",,1.0,New York,Male,"75,000-99,999",25-34,Some Graduate School,White or Caucasian,3.2,"77,83,79,67,19",9.0,10.0,5.0,8.0,9.0,Other Christian,9.0,Moderate negative impact,No increase (or a decrease),No increase (or a decrease),2.0,2.0,10.0,3.0,2.0,5.0,4.0,3.0,7.0,9.0,7.0,8.0,7.0,9.0,7.0,9.0,7.0,9.0,7.0,8.0,6.0,8.0,9.0,7.0,8.0,6.0,9.0,7.0,9.0,7.0,8.0,6.0,8.0,9.0,7.0,8.0,6.0,8.0,6.0,5.0,8.0,3.0,9.0,7.0,8.0,9.0,10.0,7.0,9.0,7.0,9.0,6.0,8.0,9.0,7.0,9.0,6.0,8.0,9.0,7.0,77.0,83.0,79.0,67.0,19.0,3,False,True,False,17.0,20.0,13.0
81,10/9/2021 10:30,10/9/2021 10:49,9,8,10,Under a year,Coursera,edX,,,,,8,8,8,Yes,Office worker,"Yes. Certification, license, or other non-degree credentials are required by law.","501-1,000",Manufacturing,,1.0,New York,Male,"75,000-99,999",25-34,Obtained Undergraduate Degree,White or Caucasian,3.4,"58,52,67,56,58",8.0,9.0,8.0,8.0,8.0,Other Christian,9.0,Slight negative impact,Moderate degree,Slight degree,9.0,9.0,9.0,9.0,9.0,9.0,9.0,9.0,9.0,9.0,9.0,9.0,9.0,9.0,9.0,9.0,9.0,9.0,9.0,9.0,9.0,9.0,9.0,9.0,8.0,9.0,9.0,9.0,9.0,9.0,9.0,9.0,9.0,9.0,9.0,9.0,8.0,9.0,8.0,9.0,8.0,8.0,9.0,8.0,9.0,8.0,8.0,9.0,8.0,9.0,8.0,8.0,8.0,8.0,8.0,9.0,8.0,8.0,9.0,8.0,58.0,52.0,67.0,56.0,58.0,2,True,True,False,36.0,36.0,36.0
82,10/9/2021 10:32,10/9/2021 10:48,7,5,5,Under a year,,,,,Udacity,,6,7,8,No,aircraft mechanic,"Yes. Certification, license, or other non-degree credentials are an industry norm.","501-1,000",Transportation,,0.0,New York,Male,"25,000-49,999",25-34,Some College,White or Caucasian,4.2,"94,81,60,60,4",6.0,3.0,9.0,10.0,5.0,Agnostic or Atheist,3.0,Slight negative impact,No increase (or a decrease),Slight degree,9.0,7.0,7.0,5.0,6.0,2.0,4.0,10.0,2.0,3.0,4.0,4.0,7.0,5.0,6.0,5.0,6.0,5.0,6.0,5.0,7.0,7.0,8.0,7.0,8.0,7.0,8.0,7.0,5.0,5.0,5.0,5.0,9.0,9.0,6.0,6.0,10.0,10.0,6.0,5.0,2.0,1.0,2.0,3.0,9.0,3.0,5.0,5.0,8.0,9.0,7.0,7.0,6.0,5.0,5.0,5.0,5.0,7.0,5.0,5.0,94.0,81.0,60.0,60.0,4.0,1,True,True,False,28.0,26.0,24.0
83,10/9/2021 10:30,10/9/2021 10:47,7,7,7,Under 6 months,,,LinkedIn Learning,,,,7,7,6,Yes,I am a manager so I am hiring employees,"Yes. Certification, license, or other non-degree credentials are required by law.","501-1,000",Agriculture,,1.0,Indiana,Male,"50,000-74,999",35-44,Obtained Non-Doctoral Graduate Degree,White or Caucasian,4.3,"77,71,67,67,46",8.0,9.0,7.0,7.0,6.0,"Spiritual or Theistic, No Specific Religion",7.0,Moderate negative impact,Moderate degree,Moderate degree,5.0,5.0,5.0,6.0,7.0,7.0,5.0,6.0,6.0,6.0,6.0,7.0,6.0,7.0,6.0,6.0,7.0,6.0,7.0,5.0,7.0,6.0,6.0,6.0,6.0,7.0,6.0,6.0,6.0,6.0,6.0,7.0,7.0,7.0,6.0,6.0,7.0,6.0,6.0,6.0,6.0,6.0,6.0,6.0,5.0,5.0,6.0,6.0,5.0,7.0,6.0,5.0,6.0,6.0,6.0,6.0,6.0,6.0,6.0,6.0,77.0,71.0,67.0,67.0,46.0,1,True,True,False,21.0,22.0,24.0
84,10/9/2021 10:30,10/9/2021 10:46,10,10,9,Under 6 months,Coursera,edX,,Pluralsight,,,9,10,9,Yes,marketing,"No. I do not know of any credentials which are common, valued, or legally required in that line of work.",Nov-50,Energy,,1.0,Tennessee,Male,"10,000-24,999",25-34,Some Graduate School,Black or African American,2.9,,9.0,8.0,9.0,10.0,8.0,"Spiritual or Theistic, No Specific Religion",9.0,Moderate negative impact,Slight degree,Moderate degree,9.0,2.0,3.0,3.0,10.0,2.0,3.0,4.0,9.0,8.0,7.0,9.0,7.0,8.0,7.0,7.0,9.0,6.0,8.0,8.0,7.0,8.0,7.0,10.0,6.0,5.0,4.0,8.0,8.0,7.0,9.0,7.0,6.0,4.0,6.0,4.0,4.0,5.0,7.0,5.0,8.0,6.0,5.0,8.0,5.0,7.0,5.0,3.0,10.0,8.0,7.0,9.0,6.0,9.0,9.0,9.0,6.0,8.0,8.0,9.0,,,,,,3,False,True,False,17.0,13.0,11.0
85,10/9/2021 10:31,10/9/2021 10:46,7,8,9,Under 6 months,Coursera,,LinkedIn Learning,,,Udemy,5,7,9,No,Marketing Manager,"No. I do not know of any credentials which are common, valued, or legally required in that line of work.",Nov-50,Law,,1.0,Virginia,Female,"150,000-174,999",45-54,Obtained Non-Doctoral Graduate Degree,White or Caucasian,3.6,"85,71,27,90,58",8.0,2.0,7.0,5.0,8.0,Conservative or Evangelical Christian,3.0,Slight negative impact,No increase (or a decrease),Moderate degree,8.0,8.0,6.0,3.0,8.0,6.0,5.0,2.0,8.0,5.0,7.0,5.0,10.0,6.0,7.0,6.0,7.0,5.0,8.0,4.0,9.0,4.0,7.0,5.0,10.0,7.0,8.0,6.0,8.0,6.0,7.0,4.0,10.0,6.0,7.0,6.0,10.0,4.0,7.0,5.0,6.0,7.0,5.0,9.0,10.0,6.0,6.0,7.0,10.0,8.0,9.0,8.0,8.0,4.0,5.0,7.0,10.0,3.0,4.0,7.0,85.0,71.0,27.0,90.0,58.0,3,False,True,False,25.0,16.0,19.0
86,10/9/2021 10:30,10/9/2021 10:46,8,7,7,Under a month,,edX,,,,,8,7,8,Yes,Marketing,"Yes. Certification, license, or other non-degree credentials are required by law.",201-500,Education,,1.0,New Jersey,Female,"10,000-24,999",18-24,Obtained Non-Doctoral Graduate Degree,Black or African American,2.7,"52,52,46,50,56",7.0,8.0,8.0,7.0,8.0,"Spiritual or Theistic, No Specific Religion",7.0,Moderate negative impact,Slight degree,Slight degree,8.0,9.0,9.0,6.0,7.0,9.0,5.0,8.0,7.0,8.0,6.0,9.0,7.0,7.0,9.0,8.0,10.0,7.0,7.0,8.0,8.0,7.0,9.0,7.0,7.0,9.0,9.0,10.0,8.0,7.0,9.0,8.0,8.0,9.0,9.0,8.0,8.0,8.0,9.0,8.0,9.0,9.0,9.0,9.0,6.0,3.0,7.0,7.0,10.0,8.0,8.0,8.0,9.0,7.0,9.0,9.0,8.0,8.0,8.0,9.0,52.0,52.0,46.0,50.0,56.0,1,False,True,False,32.0,28.0,32.0
87,10/9/2021 10:31,10/9/2021 10:44,9,8,9,Under a year,Coursera,,,Pluralsight,,Udemy,8,9,8,Yes,,"Yes. Certification, license, or other non-degree credentials are an industry norm.","501-1,000",Information Technology,,1.0,California,Male,"75,000-99,999",25-34,Some College,White or Caucasian,3.2,"62.5,52,56,67,67",9.0,10.0,9.0,9.0,9.0,"Religious, Not Christian",9.0,No negative impact (or a positive impact),Large degree,Moderate degree,9.0,7.0,9.0,8.0,9.0,9.0,9.0,9.0,8.0,9.0,9.0,8.0,9.0,8.0,9.0,10.0,8.0,9.0,7.0,9.0,8.0,9.0,8.0,9.0,8.0,8.0,9.0,8.0,8.0,9.0,8.0,9.0,8.0,9.0,8.0,8.0,8.0,9.0,8.0,8.0,9.0,8.0,9.0,10.0,8.0,9.0,8.0,9.0,8.0,9.0,9.0,10.0,9.0,10.0,9.0,10.0,9.0,10.0,9.0,10.0,62.5,52.0,56.0,67.0,67.0,3,True,True,True,33.0,35.0,33.0
88,10/9/2021 10:30,10/9/2021 10:44,8,8,7,Under 6 months,,,LinkedIn Learning,,Udacity,,7,6,7,Yes,Company hold,"Yes. Certification, license, or other non-degree credentials are required by law.","1,001-5,000",Education,,1.0,North Carolina,Male,"100,000-124,999",25-34,Some Graduate School,Black or African American,3.2,"54,62.5,54,71,71",7.0,6.0,6.0,7.0,7.0,Progressive Christian,7.0,Moderate negative impact,Large degree,Moderate degree,6.0,7.0,7.0,5.0,7.0,7.0,7.0,7.0,8.0,9.0,8.0,8.0,8.0,9.0,9.0,10.0,10.0,9.0,7.0,8.0,8.0,7.0,10.0,8.0,10.0,8.0,8.0,8.0,8.0,7.0,10.0,8.0,7.0,8.0,9.0,8.0,9.0,8.0,9.0,8.0,9.0,8.0,9.0,7.0,8.0,9.0,8.0,8.0,10.0,8.0,8.0,7.0,10.0,8.0,8.0,8.0,9.0,8.0,9.0,8.0,54.0,62.5,54.0,71.0,71.0,2,True,True,False,25.0,26.0,26.0
89,10/9/2021 10:30,10/9/2021 10:43,9,10,7,Under 6 months,Coursera,,,,,,9,10,10,Yes,software engineer,"Yes. Certification, license, or other non-degree credentials are an industry norm.","1,001-5,000",Information Technology,,1.0,North Carolina,Male,"200,000+",35-44,Some Graduate School,White or Caucasian,3.24,"91,88,87,95,93",10.0,7.0,10.0,10.0,10.0,Conservative or Evangelical Christian,10.0,Slight negative impact,Moderate degree,Large degree,10.0,2.0,3.0,10.0,5.0,10.0,2.0,10.0,9.0,10.0,7.0,7.0,9.0,9.0,10.0,6.0,8.0,8.0,10.0,6.0,8.0,9.0,10.0,8.0,8.0,9.0,10.0,10.0,8.0,9.0,7.0,9.0,10.0,10.0,10.0,7.0,8.0,10.0,8.0,8.0,9.0,9.0,7.0,8.0,9.0,10.0,10.0,7.0,9.0,10.0,7.0,4.0,7.0,10.0,8.0,6.0,7.0,8.0,9.0,6.0,91.0,88.0,87.0,95.0,93.0,1,True,True,True,25.0,25.0,32.0
90,10/9/2021 10:30,10/9/2021 10:41,8,7,8,Under 6 months,,edX,,,,Udemy,8,6,6,No,,"Yes. Certification, license, or other non-degree credentials are an industry norm.","501-1,000",Manufacturing,,1.0,Texas,Male,"50,000-74,999",25-34,Obtained Undergraduate Degree,White or Caucasian,3.4,"65,58,56,52,52",8.0,10.0,5.0,6.0,7.0,Agnostic or Atheist,7.0,Moderate negative impact,Slight degree,Moderate degree,5.0,7.0,9.0,5.0,7.0,8.0,1.0,5.0,8.0,6.0,9.0,9.0,6.0,5.0,7.0,7.0,8.0,5.0,4.0,6.0,7.0,8.0,5.0,9.0,7.0,5.0,7.0,8.0,5.0,5.0,7.0,8.0,4.0,5.0,6.0,3.0,5.0,8.0,8.0,6.0,8.0,5.0,8.0,5.0,8.0,8.0,5.0,4.0,8.0,8.0,5.0,5.0,8.0,6.0,9.0,6.0,5.0,8.0,6.0,5.0,65.0,58.0,56.0,52.0,52.0,2,True,True,False,26.0,20.0,25.0
91,10/9/2021 10:30,10/9/2021 10:40,9,9,9,More than a year,Coursera,edX,LinkedIn Learning,,Udacity,,9,8,8,Yes,manager,"Yes. Certification, license, or other non-degree credentials are required by law.","501-1,000",Retail,,1.0,Texas,Male,"25,000-49,999",25-34,Obtained Undergraduate Degree,White or Caucasian,3.1,"60,56,60,58,60",9.0,8.0,8.0,8.0,6.0,Progressive Christian,7.0,Moderate negative impact,Moderate degree,Moderate degree,8.0,8.0,7.0,8.0,9.0,8.0,7.0,6.0,7.0,8.0,7.0,9.0,7.0,8.0,8.0,6.0,8.0,8.0,8.0,6.0,7.0,7.0,7.0,7.0,7.0,8.0,8.0,8.0,7.0,7.0,8.0,8.0,8.0,8.0,7.0,7.0,7.0,8.0,8.0,8.0,8.0,8.0,7.0,7.0,7.0,8.0,8.0,8.0,8.0,8.0,7.0,7.0,7.0,7.0,7.0,7.0,7.0,7.0,7.0,7.0,60.0,56.0,60.0,58.0,60.0,4,True,True,False,31.0,28.0,30.0
92,10/9/2021 10:29,10/9/2021 10:38,7,8,6,Under a month,,,,Pluralsight,,,6,5,6,No,,"Yes. Certification, license, or other non-degree credentials are an industry norm.","1,001-5,000",Information Technology,,1.0,California,Female,"50,000-74,999",35-44,Obtained Undergraduate Degree,White or Caucasian,2.6,"46,71,58,54,52",5.0,4.0,5.0,6.0,5.0,Conservative or Evangelical Christian,5.0,Moderate negative impact,Moderate degree,Slight degree,4.0,6.0,7.0,6.0,5.0,4.0,4.0,6.0,5.0,6.0,7.0,6.0,5.0,4.0,5.0,6.0,5.0,5.0,6.0,7.0,6.0,5.0,4.0,5.0,6.0,7.0,6.0,5.0,4.0,6.0,7.0,5.0,4.0,6.0,7.0,5.0,4.0,6.0,7.0,5.0,4.0,6.0,6.0,7.0,4.0,6.0,7.0,6.0,4.0,6.0,4.0,4.0,6.0,5.0,4.0,7.0,5.0,5.0,3.0,5.0,46.0,71.0,58.0,54.0,52.0,1,True,True,True,23.0,23.0,22.0
93,10/9/2021 10:32,10/9/2021 10:38,10,10,9,Under 6 months,,,LinkedIn Learning,,,,9,9,7,Yes,Manufacturing,"Yes. Certification, license, or other non-degree credentials are required by law.","501-1,000",Manufacturing,,1.0,Illinois,Male,"50,000-74,999",25-34,Obtained Undergraduate Degree,White or Caucasian,,,,,,,,,,,,,,,,,,,,,,,,,,,,,,,,,,,,,,,,,,,,,,,,,,,,,,,,,,,,,,,,,,,,,,,,,,,,,,1,True,True,False,,,
94,10/9/2021 10:29,10/9/2021 10:32,7,8,7,Under 3 months,,,LinkedIn Learning,,,Udemy,7,6,5,No,Manager,"Yes. Certification, license, or other non-degree credentials are required by law.","501-1,000","Finance, Investment, or Accounting",,1.0,California,Male,"50,000-74,999",25-34,Some College,White or Caucasian,,,,,,,,,,,,,,,,,,,,,,,,,,,,,,,,,,,,,,,,,,,,,,,,,,,,,,,,,,,,,,,,,,,,,,,,,,,,,,2,True,True,False,,,
95,10/9/2021 4:26,10/9/2021 4:48,9,7,7,Under a month,,edX,,,,,7,9,9,Yes,MARKETING,"Yes. Certification, license, or other non-degree credentials are required by law.",201-500,Energy,,1.0,California,Female,"25,000-49,999",18-24,Some College,Black or African American,3.0,"46,46,54,48,50",7.0,7.0,7.0,8.0,8.0,"Spiritual or Theistic, No Specific Religion",7.0,Moderate negative impact,Moderate degree,Moderate degree,5.0,8.0,9.0,7.0,8.0,8.0,8.0,8.0,6.0,6.0,6.0,7.0,7.0,7.0,7.0,7.0,7.0,8.0,8.0,8.0,8.0,9.0,6.0,8.0,4.0,6.0,7.0,7.0,7.0,7.0,5.0,8.0,8.0,8.0,8.0,6.0,10.0,9.0,9.0,9.0,9.0,9.0,9.0,9.0,9.0,9.0,9.0,7.0,7.0,8.0,8.0,6.0,6.0,6.0,8.0,8.0,8.0,7.0,9.0,8.0,46.0,46.0,54.0,48.0,50.0,1,False,True,False,29.0,32.0,31.0
96,10/9/2021 4:14,10/9/2021 4:24,9,7,10,Under a year,Coursera,,,,Udacity,Udemy,3,10,9,No,Web Designer,"Yes. Certification, license, or other non-degree credentials are not required or expected, but there are some which are common and valued.",Nov-50,Information Technology,Art and Design,0.0,Oregon,Male,"10,000-24,999",25-34,Obtained Undergraduate Degree,White or Caucasian,2.6,"96,52,62.5,44,37.5",3.0,3.0,6.0,5.0,7.0,Agnostic or Atheist,4.0,Moderate negative impact,Moderate degree,Moderate degree,5.0,5.0,5.0,5.0,8.0,8.0,8.0,8.0,3.0,4.0,4.0,4.0,4.0,6.0,5.0,7.0,6.0,5.0,5.0,7.0,8.0,6.0,6.0,5.0,8.0,6.0,5.0,5.0,8.0,6.0,5.0,5.0,8.0,6.0,5.0,4.0,8.0,6.0,4.0,4.0,8.0,7.0,6.0,5.0,8.0,6.0,5.0,5.0,8.0,6.0,6.0,5.0,6.0,6.0,5.0,6.0,5.0,5.0,5.0,6.0,96.0,52.0,62.5,44.0,37.5,3,False,True,True,20.0,26.0,26.0
97,10/9/2021 2:18,10/9/2021 2:21,8,6,8,Under a year,,,LinkedIn Learning,,,,4,3,4,No,,"No. I do not know of any credentials which are common, valued, or legally required in that line of work.",201-500,Transportation,,0.0,Kentucky,Male,"10,000-24,999",25-34,Some College,White or Caucasian,,,,,,,,,,,,,,,,,,,,,,,,,,,,,,,,,,,,,,,,,,,,,,,,,,,,,,,,,,,,,,,,,,,,,,,,,,,,,,1,False,True,False,,,
98,10/9/2021 1:33,10/9/2021 1:41,7,6,6,Under a month,,,,,Udacity,Udemy,7,5,7,Yes,,"Yes. Certification, license, or other non-degree credentials are an industry norm.",201-500,Retail,,1.0,Texas,Male,"50,000-74,999",35-44,Some College,White or Caucasian,2.7,"52,65,58,56,54",7.0,7.0,6.0,8.0,6.0,"Religious, Not Christian",5.0,Moderate negative impact,Slight degree,Slight degree,6.0,5.0,6.0,7.0,8.0,6.0,5.0,7.0,7.0,5.0,7.0,8.0,7.0,6.0,8.0,7.0,6.0,8.0,4.0,7.0,7.0,6.0,8.0,6.0,8.0,6.0,5.0,7.0,7.0,7.0,8.0,6.0,7.0,5.0,7.0,7.0,5.0,7.0,8.0,5.0,8.0,6.0,6.0,8.0,6.0,7.0,8.0,6.0,7.0,6.0,8.0,6.0,6.0,5.0,6.0,7.0,7.0,6.0,6.0,6.0,52.0,65.0,58.0,56.0,54.0,2,False,True,False,24.0,25.0,25.0
99,10/9/2021 0:44,10/9/2021 1:16,7,2,10,Under 6 months,Coursera,,,,,Udemy,8,3,4,No,Operations assistant,"No. I do not know of any credentials which are common, valued, or legally required in that line of work.",201-500,Transportation,,0.0,Florida,Male,"25,000-49,999",35-44,Obtained Undergraduate Degree,White or Caucasian,2.0,"27,48,6,71,92",2.0,3.0,9.0,8.0,6.0,Agnostic or Atheist,1.0,Slight negative impact,No increase (or a decrease),No increase (or a decrease),1.0,8.0,1.0,8.0,6.0,4.0,7.0,3.0,7.0,7.0,5.0,5.0,9.0,6.0,4.0,4.0,2.0,3.0,4.0,3.0,10.0,8.0,6.0,6.0,9.0,7.0,6.0,6.0,8.0,8.0,6.0,6.0,10.0,8.0,3.0,5.0,10.0,8.0,6.0,6.0,2.0,2.0,3.0,3.0,8.0,6.0,4.0,5.0,10.0,7.0,5.0,5.0,8.0,5.0,7.0,6.0,8.0,5.0,7.0,8.0,27.0,48.0,6.0,71.0,92.0,2,False,True,False,18.0,19.0,23.0
100,10/9/2021 0:53,10/9/2021 1:06,6,4,6,Under 3 months,Coursera,,,,Udacity,Udemy,4,10,9,No,,Not Applicable,"10,000+",Transportation,,1.0,Arizona,Male,"25,000-49,999",35-44,Obtained Undergraduate Degree,White or Caucasian,5.0,"77,98,40,29,25",6.0,6.0,7.0,3.0,2.0,"Spiritual or Theistic, No Specific Religion",5.0,Slight negative impact,Slight degree,Slight degree,9.0,6.0,7.0,5.0,8.0,5.0,6.0,3.0,9.0,7.0,7.0,7.0,8.0,6.0,6.0,6.0,8.0,4.0,6.0,5.0,8.0,4.0,6.0,5.0,8.0,4.0,7.0,6.0,8.0,5.0,6.0,5.0,9.0,3.0,5.0,4.0,9.0,5.0,5.0,5.0,7.0,4.0,6.0,6.0,8.0,6.0,5.0,5.0,8.0,5.0,5.0,5.0,8.0,5.0,6.0,5.0,8.0,6.0,6.0,6.0,77.0,98.0,40.0,29.0,25.0,3,True,True,False,27.0,21.0,19.0
101,10/9/2021 0:26,10/9/2021 0:45,7,6,8,Under 6 months,Coursera,edX,,,Udacity,Udemy,6,5,4,No,front end manager,"Yes. Certification, license, or other non-degree credentials are an industry norm.",51-200,Information Technology,,0.0,Florida,Male,"75,000-99,999",35-44,GED,White or Caucasian,4.3,"100,90,4,63,23",10.0,1.0,5.0,6.0,1.0,"Spiritual or Theistic, No Specific Religion",1.0,Slight negative impact,Moderate degree,Moderate degree,10.0,5.0,5.0,1.0,3.0,6.0,4.0,1.0,1.0,1.0,1.0,1.0,1.0,1.0,1.0,1.0,4.0,4.0,4.0,4.0,6.0,6.0,6.0,6.0,7.0,7.0,7.0,7.0,7.0,7.0,7.0,7.0,7.0,8.0,7.0,8.0,8.0,8.0,7.0,7.0,2.0,2.0,2.0,2.0,8.0,8.0,7.0,7.0,8.0,8.0,7.0,7.0,8.0,8.0,7.0,7.0,8.0,7.0,7.0,7.0,100.0,90.0,4.0,63.0,23.0,4,False,True,True,21.0,11.0,13.0
102,10/9/2021 0:37,10/9/2021 0:38,8,7,7,Under a year,Coursera,,,,,,,,,,,,,,,,,,,,,,,,,,,,,,,,,,,,,,,,,,,,,,,,,,,,,,,,,,,,,,,,,,,,,,,,,,,,,,,,,,,,,,,,,,,,,,,,,,,1,False,True,False,,,
104,10/8/2021 23:41,10/9/2021 0:06,6,5,6,Under 6 months,Coursera,,,,,,7,6,6,No,Database Assistant,"No. I do not know of any credentials which are common, valued, or legally required in that line of work.",51-200,Health,,1.0,New York,Male,"10,000-24,999",45-54,Obtained Non-Doctoral Graduate Degree,Asian or Asian American,3.0,"52,40,15,48,73",7.0,5.0,5.0,8.0,5.0,Agnostic or Atheist,5.0,Slight negative impact,Moderate degree,Moderate degree,4.0,4.0,4.0,5.0,6.0,7.0,7.0,7.0,5.0,5.0,5.0,5.0,4.0,5.0,5.0,5.0,5.0,5.0,5.0,5.0,7.0,7.0,7.0,5.0,7.0,7.0,7.0,6.0,6.0,7.0,7.0,6.0,7.0,7.0,7.0,7.0,7.0,7.0,7.0,7.0,7.0,7.0,7.0,7.0,7.0,7.0,7.0,7.0,7.0,7.0,7.0,7.0,7.0,7.0,7.0,7.0,7.0,7.0,7.0,7.0,52.0,40.0,15.0,48.0,73.0,1,False,True,False,17.0,23.0,23.0
105,10/8/2021 23:15,10/8/2021 23:51,9,7,8,Under a year,,edX,,,,,7,8,6,No,,Not Applicable,51-200,Information Technology,,1.0,Indiana,Female,"25,000-49,999",25-34,Obtained Undergraduate Degree,White or Caucasian,4.3,"67,73,83,67,25",9.0,8.0,6.0,8.0,4.0,Agnostic or Atheist,9.0,No negative impact (or a positive impact),Moderate degree,Moderate degree,8.0,3.0,4.0,10.0,1.0,5.0,5.0,2.0,4.0,4.0,3.0,5.0,8.0,8.0,7.0,6.0,8.0,8.0,7.0,8.0,9.0,9.0,9.0,8.0,9.0,8.0,9.0,8.0,10.0,9.0,9.0,8.0,10.0,8.0,10.0,10.0,9.0,9.0,9.0,9.0,3.0,4.0,5.0,5.0,8.0,8.0,7.0,7.0,9.0,9.0,9.0,8.0,8.0,8.0,8.0,9.0,7.0,9.0,7.0,8.0,67.0,73.0,83.0,67.0,25.0,1,False,True,True,25.0,21.0,20.0
106,10/8/2021 22:52,10/8/2021 23:25,8,6,7,Under 6 months,,,LinkedIn Learning,,Udacity,,6,9,6,No,Data analyst,"Yes. Certification, license, or other non-degree credentials are not required or expected, but there are some which are common and valued.",Nov-50,"Finance, Investment, or Accounting",,0.0,Nevada,Male,"75,000-99,999",25-34,Obtained Undergraduate Degree,Asian or Asian American,3.8,"87.5,58,73,52,19",2.0,9.0,6.0,2.0,8.0,Agnostic or Atheist,5.0,Moderate negative impact,Large degree,No increase (or a decrease),2.0,3.0,2.0,7.0,4.0,5.0,4.0,9.0,7.0,6.0,6.0,7.0,7.0,6.0,5.0,6.0,6.0,6.0,7.0,6.0,8.0,6.0,6.0,6.0,7.0,6.0,6.0,6.0,6.0,6.0,6.0,6.0,7.0,6.0,5.0,5.0,6.0,6.0,5.0,6.0,8.0,6.0,8.0,8.0,6.0,6.0,5.0,5.0,4.0,4.0,4.0,5.0,8.0,6.0,6.0,6.0,7.0,6.0,7.0,7.0,87.5,58.0,73.0,52.0,19.0,2,False,True,False,14.0,22.0,24.0
107,10/8/2021 22:28,10/8/2021 23:18,6,7,9,Under a year,Coursera,,,,,Udemy,4,5,3,No,,"No. I do not know of any credentials which are common, valued, or legally required in that line of work.","10,000+",Health,,1.0,California,Male,"150,000-174,999",35-44,Obtained Non-Doctoral Graduate Degree,White or Caucasian,4.5,"85,75,88,67,29",8.0,4.0,8.0,9.0,6.0,Agnostic or Atheist,5.0,Large negative impact,Large degree,Large degree,9.0,4.0,6.0,3.0,4.0,6.0,4.0,10.0,4.0,3.0,2.0,2.0,8.0,8.0,6.0,6.0,6.0,6.0,4.0,3.0,8.0,8.0,6.0,9.0,9.0,9.0,7.0,5.0,8.0,8.0,6.0,7.0,9.0,9.0,7.0,7.0,9.0,8.0,7.0,8.0,6.0,8.0,3.0,5.0,9.0,2.0,6.0,6.0,9.0,9.0,7.0,8.0,8.0,7.0,9.0,9.0,7.0,8.0,8.0,9.0,85.0,75.0,88.0,67.0,29.0,2,True,True,False,22.0,23.0,23.0
108,10/8/2021 22:54,10/8/2021 23:15,10,9,8,Under 6 months,,,LinkedIn Learning,,,,7,8,8,Yes,I am a superviser and I am hiring many employees,"Yes. Certification, license, or other non-degree credentials are required by law.","1,001-5,000",Manufacturing,,1.0,Louisiana,Female,"75,000-99,999",35-44,Obtained Undergraduate Degree,White or Caucasian,4.09,"73,67,69,77,46",8.0,9.0,9.0,7.0,7.0,"Spiritual or Theistic, No Specific Religion",8.0,Moderate negative impact,Moderate degree,Large degree,5.0,5.0,7.0,8.0,7.0,6.0,7.0,6.0,7.0,6.0,7.0,6.0,7.0,6.0,7.0,7.0,7.0,7.0,6.0,7.0,6.0,7.0,6.0,6.0,7.0,6.0,7.0,6.0,7.0,6.0,7.0,6.0,7.0,6.0,6.0,6.0,7.0,6.0,6.0,7.0,6.0,6.0,6.0,7.0,6.0,7.0,6.0,5.0,6.0,6.0,7.0,6.0,6.0,7.0,6.0,6.0,7.0,6.0,7.0,6.0,73.0,67.0,69.0,77.0,46.0,1,True,True,False,25.0,28.0,25.0
109,10/8/2021 22:53,10/8/2021 23:12,10,5,9,Under a year,Coursera,,,,,Udemy,8,3,6,No,n/a.,Not Applicable,10-Jan,Information Technology,,0.0,Texas,Male,"50,000-74,999",45-54,Obtained Undergraduate Degree,White or Caucasian,4.09,"81,83,35,60,48",1.0,4.0,8.0,3.0,1.0,Agnostic or Atheist,2.0,Slight negative impact,No increase (or a decrease),No increase (or a decrease),7.0,7.0,7.0,8.0,8.0,8.0,7.0,8.0,4.0,5.0,6.0,5.0,7.0,8.0,5.0,4.0,8.0,6.0,5.0,4.0,6.0,6.0,5.0,3.0,8.0,6.0,4.0,4.0,8.0,5.0,5.0,3.0,8.0,7.0,5.0,4.0,9.0,8.0,5.0,6.0,10.0,4.0,4.0,7.0,4.0,7.0,4.0,3.0,8.0,8.0,8.0,6.0,9.0,6.0,7.0,8.0,9.0,5.0,8.0,9.0,81.0,83.0,35.0,60.0,48.0,2,False,True,True,29.0,30.0,31.0
110,10/8/2021 22:53,10/8/2021 23:04,9,8,7,Under a month,Coursera,edX,,,,,9,7,8,Yes,marketing,"Yes. Certification, license, or other non-degree credentials are required by law.","501-1,000","Finance, Investment, or Accounting",,1.0,Illinois,Female,"50,000-74,999",35-44,Some Graduate School,Black or African American,2.9,"75,65,60,65,85",8.0,8.0,8.0,9.0,8.0,Conservative or Evangelical Christian,8.0,Moderate negative impact,Moderate degree,Moderate degree,3.0,2.0,3.0,10.0,10.0,3.0,2.0,3.0,7.0,7.0,8.0,8.0,5.0,7.0,7.0,7.0,8.0,7.0,8.0,7.0,8.0,8.0,8.0,8.0,8.0,8.0,7.0,7.0,7.0,9.0,7.0,7.0,7.0,7.0,8.0,7.0,6.0,6.0,6.0,7.0,8.0,8.0,7.0,7.0,7.0,8.0,5.0,6.0,6.0,7.0,7.0,7.0,8.0,8.0,9.0,9.0,8.0,9.0,8.0,9.0,75.0,65.0,60.0,65.0,85.0,2,True,True,False,18.0,18.0,18.0
111,10/8/2021 21:48,10/8/2021 22:06,7,9,4,More than a year,Coursera,,LinkedIn Learning,Pluralsight,,Udemy,7,5,4,No,N/a,Not Applicable,Nov-50,Information Technology,,1.0,Nevada,Male,"50,000-74,999",25-34,Obtained Undergraduate Degree,White or Caucasian,1.8,"46,31,4,40,90",5.0,3.0,3.0,7.0,3.0,Agnostic or Atheist,3.0,Large negative impact,Moderate degree,Slight degree,4.0,7.0,5.0,7.0,3.0,5.0,5.0,7.0,8.0,6.0,6.0,5.0,8.0,5.0,6.0,4.0,5.0,6.0,4.0,3.0,8.0,6.0,6.0,4.0,8.0,7.0,6.0,4.0,7.0,7.0,6.0,6.0,9.0,7.0,5.0,4.0,9.0,5.0,5.0,3.0,3.0,6.0,5.0,8.0,8.0,4.0,5.0,2.0,9.0,5.0,5.0,7.0,9.0,7.0,4.0,9.0,8.0,3.0,5.0,6.0,46.0,31.0,4.0,40.0,90.0,4,False,True,True,23.0,24.0,26.0
112,10/8/2021 21:47,10/8/2021 22:03,9,7,9,More than a year,,,LinkedIn Learning,,,Udemy,7,6,8,No,,Not Applicable,"5,001-10,000",Information Technology,telecommunications,0.0,Florida,Female,"75,000-99,999",45-54,Some College,White or Caucasian,4.5,"92,94,77,96,04",8.0,8.0,9.0,3.0,9.0,Other Christian,8.0,No negative impact (or a positive impact),Large degree,Large degree,5.0,7.0,5.0,6.0,6.0,8.0,5.0,7.0,2.0,2.0,2.0,2.0,5.0,6.0,5.0,5.0,8.0,8.0,8.0,7.0,8.0,7.0,8.0,7.0,7.0,8.0,7.0,7.0,8.0,7.0,7.0,7.0,8.0,7.0,6.0,7.0,6.0,6.0,6.0,7.0,7.0,6.0,6.0,7.0,7.0,5.0,6.0,7.0,6.0,7.0,8.0,6.0,6.0,8.0,7.0,7.0,6.0,7.0,6.0,7.0,92.0,94.0,77.0,96.0,4.0,2,True,True,True,23.0,23.0,28.0
113,10/8/2021 21:48,10/8/2021 22:01,7,6,8,Under 3 months,,edX,,,,Udemy,7,4,5,No,Project Engineer,"Yes. Certification, license, or other non-degree credentials are not required or expected, but there are some which are common and valued.",201-500,Manufacturing,,1.0,New York,Male,"25,000-49,999",45-54,Obtained Undergraduate Degree,White or Caucasian,3.4,"81,63,81,46,33",7.0,8.0,7.0,9.0,6.0,Other Christian,6.0,Slight negative impact,Slight degree,Moderate degree,2.0,5.0,4.0,5.0,3.0,6.0,6.0,9.0,8.0,6.0,6.0,6.0,9.0,8.0,8.0,8.0,8.0,8.0,8.0,7.0,9.0,8.0,8.0,6.0,9.0,8.0,9.0,7.0,8.0,6.0,8.0,7.0,9.0,5.0,9.0,7.0,9.0,8.0,8.0,8.0,6.0,5.0,5.0,6.0,9.0,7.0,7.0,7.0,9.0,8.0,8.0,8.0,8.0,5.0,6.0,7.0,8.0,9.0,8.0,8.0,81.0,63.0,81.0,46.0,33.0,2,False,True,False,16.0,24.0,25.0
